intervallo,strategia,fee_%,rsi_window,rsi_window2,rsi_window3,ema_window,ema_window2,ema_window3,atr_window,atr_multiplier,kama_pow1,kama_pow2,rsi_buy_limit,rsi_sell_limit,num_cond,n_trade,rendimento_%,buy_hold_%,cagr_%,volatilita_%,sharpe,max_drawdown_%,buy_hold_drawdown_%,win_rate_%,profit_factor,trade_medio_%,trade_mediano_%,esposizione_%,durata_media_h,trade_per_anno,commissioni_%,secondi,griglia,stop_loss
15m,Close Buy/Sell Limits,0.0,12,24,36,10,50,200,5,2.5,2,30,40.0,85.0,2.0,38,14283.383136211345,7946.720664589823,67.40981820801338,64.9118543223923,1.1178412499646,83.65819333166182,84.01269501376568,63.1578947368421,3.6865984416138997,28.610414674050443,4.9812681648173385,83.14143496405048,1849.421052631579,3.940789026153978,0.0,0.19,close_buy_sell_limits,
15m,Close Buy/Sell Limits,0.0,12,24,36,10,50,200,5,2.5,2,30,30.0,85.0,2.0,33,9942.682567308799,7946.720664589823,61.28789560869134,63.68871467983291,1.0684491542873042,85.2794273820985,84.01269501376568,63.63636363636363,3.542642955322125,31.11342935676966,5.10475670511158,78.72161082241735,2016.4242424242423,3.4222641542916126,0.0,0.2,close_buy_sell_limits,
15m,Close Buy/Sell Limits,0.0,12,24,36,10,50,200,5,2.5,2,30,35.0,85.0,2.0,37,9778.235109182433,7946.720664589823,61.01197299173333,64.45669861730867,1.0608084872284393,83.46585085630042,84.01269501376568,62.16216216216216,3.6503822380902795,27.632009805023266,4.857779624523112,81.6028960732063,1864.2567567567569,3.8370840517815052,0.0,0.18,close_buy_sell_limits,
15m,Close Buy/Sell Limits,0.0,12,24,36,10,50,200,5,1.6,2,30,25.0,75.0,1.0,2802,395.4148371107259,7946.720664589823,18.051563482065625,47.998700422001846,0.5903885093888213,84.54773786995759,84.01269501376568,66.70235546038545,1.0379818893177721,0.09530681338250503,0.49804323997395716,47.95438211485509,14.466452533904354,290.58133819166966,0.0,0.25,close_buy_sell_limits,
15m,Close ATR,0.0,12,24,36,10,50,200,14,4.0,2,30,,,,57,9850.31749806689,7946.720664589823,61.133421326679674,45.26871145492015,1.279193438611761,62.651042823972844,84.01269501376568,70.17543859649122,2.4108663671677477,13.962127119833696,2.9270062400232217,43.86994880409804,650.5701754385965,5.911183539230968,0.0,0.1,close_atr,99.0
15m,Close ATR,0.0,12,24,36,10,50,200,20,4.0,2,30,,,,119,1579.0940726397153,7946.720664589823,33.981974720003684,44.781892776458996,0.8766562108149061,62.338037109806365,84.01269501376568,59.66386554621849,1.4705139493689805,4.489581602938291,1.232283823635342,43.76998222487748,310.9075630252101,12.3408919503243,0.0,0.1,close_atr,99.0
15m,Close ATR,0.0,12,24,36,50,50,200,5,4.0,2,30,,,,460,3031.293398316054,7946.720664589823,42.926906655618694,40.30944853608637,1.0885492842624633,67.13271778347318,84.01269501376568,65.43478260869566,1.2196567051321558,0.8989995335398034,1.2445055499888569,38.874577434171414,71.43478260869566,47.704288211337634,0.0,0.11,close_atr,99.0
15m,Close ATR,0.0,12,24,36,10,50,200,5,1.6,2,30,,,,2735,476.8384829457882,7946.720664589823,19.92924758554844,47.88983762021014,0.6235265287335147,85.76577655213134,84.01269501376568,66.54478976234005,1.040427464349144,0.10307752409685028,0.49462285007681156,47.71600027209838,14.747166361974406,283.63310490871396,0.0,0.15,close_atr,99.0
15m,ATR Bands,0.0,12,24,36,10,50,200,5,2.5,2,30,,,,1363,307578.0545002438,7946.720664589823,130.00271380650113,50.14549567536282,1.9166940205269571,58.00066304210765,84.01269501376568,70.28613352898019,1.3686597515023533,0.6612844258751599,0.9759613630605259,49.670080712661154,30.80355832721937,141.34988006968086,0.0,0.12,atr_bands,99.0
15m,ATR Bands,0.0,12,24,36,10,50,200,7,4.0,2,30,,,,42,8260.80538698065,7946.720664589823,58.251083233028034,52.086787154721456,1.1408988992365912,62.831357774014805,84.01269501376568,57.14285714285714,1.9866429850867398,22.237228802990728,3.9167172439082343,58.03059923753301,1167.9107142857144,4.355608923643871,0.0,0.1,atr_bands,99.0
15m,ATR Bands,0.0,12,24,36,10,50,200,5,2.0,2,30,,,,2927,2589262.7495021108,7946.720664589823,186.86004101638983,50.13602660612394,2.357000180766738,55.507324854749825,84.01269501376568,71.98496754355996,1.2678998875129155,0.3840439235821687,0.6862108476434708,50.30892039052033,14.52861291424667,303.5444599882288,0.0,0.15,atr_bands,99.0
15m,ATR Bands,0.0,12,24,36,10,50,200,5,1.6,2,30,,,,4762,19670387.609555535,7946.720664589823,253.99323454453278,49.601112739701705,2.798429648736177,59.55211650649055,84.01269501376568,72.70054598908023,1.2351008591452997,0.2792354743429297,0.5469811768570876,50.24414914540405,8.91862662746745,493.84308796171695,0.0,0.18,atr_bands,99.0
15m,Supertrend,0.0,12,24,36,20,50,200,14,3.0,2,30,,,,271,681.0510342930372,7946.720664589823,23.75857369705747,24.606227956004997,0.980183626904453,46.93368454960084,84.01269501376568,46.125461254612546,1.2430675159669147,0.8719516540339757,-0.6969169002348201,10.022980482856324,31.262915129151292,28.104048054940215,0.0,0.14,supertrend,
15m,Supertrend,0.0,12,24,36,50,50,200,20,4.0,2,30,,,,1048,3012.8811799471487,7946.720664589823,42.83952040243675,44.83731539837535,1.0106740042372657,48.96701307978365,84.01269501376568,41.31679389312977,1.1088812440671587,0.41742353011066347,-0.7871498030595174,46.804766453818694,37.751192748091604,108.68281314235182,0.0,0.17,supertrend,
15m,Supertrend,0.0,12,24,36,10,50,200,7,3.0,2,30,,,,255,512.5688412557422,7946.720664589823,20.67904896525119,24.251390833288216,0.8915987976107866,33.156982758743126,84.01269501376568,47.05882352941176,1.4397462284431912,0.8129911793612349,-0.26669827535114166,14.779378491805994,48.991176470588236,26.444768464980644,0.0,0.14,supertrend,
15m,Supertrend,0.0,12,24,36,10,50,200,5,1.6,2,30,,,,853,-53.48409542953638,7946.720664589823,-7.630494410428346,26.441616738128086,-0.17408615298475835,71.46790605544305,84.01269501376568,38.33528722157092,0.9352064754439676,-0.053164965167190506,-0.5919735353007792,10.084794136871402,9.993552168815944,88.46034313971957,0.0,0.15,supertrend,
15m,TP/SL with ATR,0.0,12,24,36,10,50,200,7,3.0,2,30,,,,277,283.5996451452851,7946.720664589823,14.961143083192564,20.90197115930572,0.7666623884115767,28.52863642053791,84.01269501376568,56.317689530685925,1.3238611342675106,0.5531185300990622,0.9385568119483458,10.93953796511817,33.3826714801444,28.726277901175052,0.0,0.09,tp_sl_atr,
15m,TP/SL with ATR,0.0,12,24,36,10,50,200,30,4.0,2,30,,,,323,264.95787695015036,7946.720664589823,14.368748582039359,25.348764926593546,0.6519584431231287,34.63314713029024,84.01269501376568,54.179566563467496,1.1905156013998106,0.48960460815990786,1.2279426058496763,18.132103764126196,47.45123839009288,33.496706722308815,0.0,0.09,tp_sl_atr,
15m,TP/SL with ATR,0.0,12,24,36,20,50,200,14,4.0,2,30,,,,478,385.80989285033746,7946.720664589823,17.812121249229705,32.3919232620691,0.6651450830174308,40.992700600610156,84.01269501376568,53.55648535564853,1.169242337229305,0.4305657691349708,1.1661959507897968,29.181664118209,51.604079497907954,49.57097775004215,0.0,0.11,tp_sl_atr,
15m,TP/SL with ATR,0.0,12,24,36,10,50,200,5,1.6,2,30,,,,3781,42.872445538645195,7946.720664589823,3.76930977051515,46.41738880498088,0.3082460185121059,76.15498421443431,84.01269501376568,50.70087278497753,1.008432932307234,0.0356230400674691,0.23537174417137416,54.84616089887109,12.261438772811426,392.10850810232085,0.0,0.16,tp_sl_atr,
15m,Close Bullish EMA,0.0,24,24,36,12,26,50,5,1.6,2,30,45.0,80.0,,134,4466.435661366806,7946.720664589823,48.62998221676777,67.56510156682037,0.9252983688602288,82.0620810728083,84.01269501376568,62.68656716417911,1.3223012298396462,4.446607134618423,3.4790285064606445,97.39051737141133,614.3470149253732,13.896466565911398,0.0,1.23,close_bullish_ema,
15m,Close Bullish EMA,0.0,24,24,36,12,26,50,5,1.6,2,30,40.0,80.0,,134,4466.435661366806,7946.720664589823,48.62998221676777,67.56510156682037,0.9252983688602288,82.0620810728083,84.01269501376568,62.68656716417911,1.3223012298396462,4.446607134618423,3.4790285064606445,97.39051737141133,614.3470149253732,13.896466565911398,0.0,1.25,close_bullish_ema,
15m,Close Bullish EMA,0.0,24,24,36,12,26,50,5,1.6,2,30,50.0,80.0,,134,4442.005542055858,7946.720664589823,48.54732176283423,67.56520063715274,0.9244737977360011,82.0620810728083,84.01269501376568,62.68656716417911,1.322140543127118,4.442177148896228,3.4790285064606463,97.38755978031013,614.3283582089551,13.896466565911398,0.0,1.27,close_bullish_ema,
15m,Close Bullish EMA,0.0,12,24,36,10,50,200,5,1.6,2,30,25.0,75.0,,1109,330.8211421692218,7946.720664589823,16.353581235335213,47.688650634323956,0.5590711731902235,66.62490801008167,84.01269501376568,69.34174932371506,1.0706189297714743,0.2095885873769649,1.0784873245965974,55.5151680059625,42.31379621280433,115.00881657907269,0.0,1.24,close_bullish_ema,
15m,Close EMA Crossover,0.0,12,24,36,50,100,200,5,1.6,2,30,,,,491,7736.756977010299,7946.720664589823,57.19233481099286,47.11696806216598,1.1921963853805788,48.85024462414131,84.01269501376568,36.456211812627295,1.310401463723085,1.1089567406697152,-0.7282933068068767,51.077598317722185,87.93279022403259,50.9191424168843,0.0,0.52,close_ema_crossover,
15m,Close EMA Crossover,0.0,12,24,36,10,50,200,5,1.6,2,30,,,,739,6661.433062885146,7946.720664589823,54.804692829822656,48.490472004891586,1.1389670844919262,71.81472742847836,84.01269501376568,30.85250338294993,1.090137157091443,0.771618168093496,-0.7665708453110096,54.22358797206851,62.02198917456021,76.63797606125763,0.0,0.55,close_ema_crossover,
15m,Close EMA Crossover,0.0,12,24,36,20,50,100,5,1.6,2,30,,,,1059,4691.213805801639,7946.720664589823,49.37247012757584,49.45477391427062,1.053938198317908,67.0021690704089,84.01269501376568,33.050047214353164,1.0955804218903729,0.4833833642445077,-0.5715972943411746,52.88320768500472,42.21081208687441,109.82356786044903,0.0,0.55,close_ema_crossover,
15m,Trend Zones,0.0,12,24,36,200,50,200,5,1.6,2,30,,,,6566,10671.498708921328,7946.720664589823,62.46400098816789,48.94840838840692,1.2302331728394598,47.111830992535786,84.01269501376568,16.417910447761194,1.1721028594510325,0.08972229291527259,-0.17162238751608194,53.8595085075108,6.933673469387755,680.9268617296584,0.0,0.32,trend_zones,
15m,Trend Zones,0.0,12,24,36,100,50,200,5,1.6,2,30,,,,10299,1583.251748001849,7946.720664589823,34.01634159711651,48.933479278966594,0.8369658304184849,52.330656193349355,84.01269501376568,18.0308767841538,1.0801007826502418,0.03824349833926363,-0.1548137397194061,53.52530071307522,4.3930478687251195,1068.0575310621007,0.0,0.39,trend_zones,
15m,Trend Zones,0.0,12,24,36,50,50,200,5,1.6,2,30,,,,15323,233.02844508887907,7946.720664589823,13.288000815165546,48.10061031345615,0.48724234087366125,65.30447180784192,84.01269501376568,20.009136592051167,1.030386499512328,0.015005709546056173,-0.14139406909202212,52.94590861635016,2.9207237486131956,1589.0713223094056,0.0,0.56,trend_zones,
15m,Trend Zones,0.0,12,24,36,10,50,200,5,1.6,2,30,,,,34803,-92.3774025813547,7946.720664589823,-23.428259554464404,47.724786301678456,-0.3292573704464426,96.78275723686205,84.01269501376568,27.020659138580005,0.9605337708492353,-0.004399463765686386,-0.10474403177236231,52.00095825951679,1.2629802028560757,3609.2442230851816,0.0,0.91,trend_zones,
15m,Close RSI Reverse,0.0,5,14,36,10,50,200,5,1.6,2,30,,,,41314,-42.15052568515304,7946.720664589823,-5.517958829968439,46.16983885113892,0.10217014184426587,90.6916336131371,84.01269501376568,29.394394152103402,0.9942286366484194,0.0014296739275943093,-0.09712956529044309,50.763502142774755,1.0386188701166674,4284.4673112243545,0.0,1.15,close_rsi_reverse,
15m,Close RSI Reverse,0.0,5,21,36,10,50,200,5,1.6,2,30,,,,39707,-71.10805936744877,7946.720664589823,-12.081582382091128,46.28352429984859,-0.052693035879766696,92.1308114760178,84.01269501376568,28.697710731105346,0.9830183239692235,-0.00031769327876688785,-0.0991195848638413,50.768234288536675,1.0807540232200872,4117.8134174077895,0.0,1.15,close_rsi_reverse,
15m,Close RSI Reverse,0.0,5,24,36,10,50,200,5,1.6,2,30,,,,39291,-76.21757837892196,7946.720664589823,-13.838222031118397,46.33904906180181,-0.09550471275520789,93.89419119787273,84.01269501376568,28.492530095950723,0.9803333404008634,-0.0008353107991761881,-0.09933151632172371,50.78893742624507,1.092642080883663,4074.672148068841,0.0,1.33,close_rsi_reverse,
15m,Close RSI Reverse,0.0,12,24,36,10,50,200,5,1.6,2,30,,,,27537,-79.39497367328605,7946.720664589823,-15.11018139594994,46.03247009964425,-0.13344394260569978,92.05481448432901,84.01269501376568,24.824781203471694,0.9595422839343067,-0.001849443579907685,-0.11892797319934785,50.6931114745662,1.5560881722772997,2855.7238792947924,0.0,0.87,close_rsi_reverse,
15m,Green Candles,0.0,12,24,36,10,50,200,5,1.6,2,30,,,,14069,-10.069022765162616,7946.720664589823,-1.0945629327330786,48.82092289349281,0.2183641934060957,89.28835647138452,84.01269501376568,39.462648375861825,0.9974460506039213,0.007019893876950647,-0.09309954489803093,51.116934279368145,3.0711671049825857,1459.0252844463243,0.0,0.53,green_candles,
15m,Close Buy/Sell Limits,0.04,12,24,36,10,50,200,5,2.5,2,30,40.0,85.0,2.0,38,13852.622867565155,7946.720664589823,66.88276261288087,64.90396844807363,1.113038982163748,83.69737446824107,84.01269501376568,63.1578947368421,3.6267740766700474,28.507567481188357,4.897316730859079,83.14143496405048,1849.421052631579,3.940789026153978,117.19429434721873,0.2,close_buy_sell_limits,
15m,Close Buy/Sell Limits,0.04,12,24,36,10,50,200,5,2.5,2,30,30.0,85.0,2.0,33,9680.973169163613,7946.720664589823,60.84683560896631,63.682350027859,1.064191729516362,85.29120148490121,84.01269501376568,63.63636363636363,3.4877532194282708,31.008580552805835,5.0207065198216325,78.72161082241735,2016.4242424242423,3.4222641542916126,74.3814655678946,0.18,close_buy_sell_limits,
15m,Close Buy/Sell Limits,0.04,12,24,36,10,50,200,5,2.5,2,30,35.0,85.0,2.0,37,9490.06763519739,7946.720664589823,60.51837905962263,64.44889687956147,1.0560947673282333,83.50549315344473,84.01269501376568,62.16216216216216,3.590707376160788,27.529945023092026,4.773926941896513,81.6028960732063,1864.2567567567569,3.8370840517815052,80.13866244898263,0.18,close_buy_sell_limits,
15m,Close Buy/Sell Limits,0.04,12,24,36,10,50,200,5,1.6,2,30,25.0,75.0,1.0,2802,-47.36680381922342,7946.720664589823,-6.439346013818648,47.65299824875857,0.10384702305268433,90.04208714726852,84.01269501376568,64.48965024982155,0.9889491230691123,0.015262585622911237,0.41767695189721504,47.95438211485509,14.466452533904354,290.58133819166966,352.94434138524906,0.26,close_buy_sell_limits,
15m,Close ATR,0.04,12,24,36,10,50,200,14,4.0,2,30,,,,57,9406.685971913756,7946.720664589823,60.37307709644377,45.25138373730885,1.2690661789617932,62.85965405246707,84.01269501376568,70.17543859649122,2.3786425056283065,13.870993871437193,2.8446975585038095,43.86994880409804,650.5701754385965,5.911183539230968,223.9277287666345,0.09,close_atr,99.0
15m,Close ATR,0.04,12,24,36,10,50,200,20,4.0,2,30,,,,119,1426.588275809253,7946.720664589823,32.66545524534139,44.75303727571152,0.8548883615884338,62.78736915158834,84.01269501376568,57.98319327731093,1.4432582326257994,4.4060233609527435,1.1513303779547113,43.76998222487748,310.9075630252101,12.3408919503243,106.51917068073811,0.09,close_atr,99.0
15m,Close ATR,0.04,12,24,36,50,50,200,5,4.0,2,30,,,,460,2067.06241767149,7946.720664589823,37.57404648154097,40.19827655345842,0.9955218037412836,67.44679652213892,84.01269501376568,65.43478260869566,1.1816126527973294,0.8183126086829237,1.163542330836537,38.874577434171414,71.43478260869566,47.704288211337634,652.3427603448969,0.1,close_atr,99.0
15m,Close ATR,0.04,12,24,36,10,50,200,5,1.6,2,30,,,,2735,-35.34117597846459,7946.720664589823,-4.421290802552081,47.55432062617069,0.14785091453412186,90.32086995020788,84.01269501376568,64.3510054844607,0.9928065905618998,0.023027082254318664,0.4142592972179047,47.71600027209838,14.747166361974406,283.63310490871396,404.45526498457303,0.16,close_atr,99.0
15m,ATR Bands,0.04,12,24,36,10,50,200,5,2.5,2,30,,,,1363,103282.51224241641,7946.720664589823,105.40601511380578,49.90906639279528,1.6965520395653924,60.38364063116818,84.01269501376568,68.89214966984592,1.2868433989209496,0.5807875970659921,0.8952128933579748,49.670080712661154,30.80355832721937,141.34988006968086,39165.78293762335,0.12,atr_bands,99.0
15m,ATR Bands,0.04,12,24,36,10,50,200,7,4.0,2,30,,,,42,7984.495073482645,7946.720664589823,57.70050903813697,52.074308360325304,1.1343564898139424,62.831357774014805,84.01269501376568,57.14285714285714,1.9708917898212504,22.13947812022145,3.833617110166605,58.03059923753301,1167.9107142857144,4.355608923643871,147.05090959293176,0.1,atr_bands,99.0
15m,ATR Bands,0.04,12,24,36,10,50,200,5,2.0,2,30,,,,2927,248811.80497491718,7946.720664589823,125.00222404292374,49.75782210902206,1.8824009581494723,55.89722032363278,84.01269501376568,70.31089853091903,1.1634254678628755,0.3037687984933473,0.6056940856701597,50.30892039052033,14.52861291424667,303.5444599882288,223533.79559276826,0.16,atr_bands,99.0
15m,ATR Bands,0.04,12,24,36,10,50,200,5,1.6,2,30,,,,4762,435407.7437155449,7946.720664589823,138.44157103934748,49.09590839907474,2.0161543325924396,60.28969852078602,84.01269501376568,70.66358672826544,1.09972110380575,0.19904416248820636,0.46657575408472285,50.24414914540405,8.91862662746745,493.84308796171695,766341.8375598122,0.19,atr_bands,99.0
15m,Supertrend,0.04,12,24,36,20,50,200,14,3.0,2,30,,,,271,528.7898637182544,7946.720664589823,21.006582525983664,24.56882336001366,0.8904058524006667,50.263980806913466,84.01269501376568,45.75645756457565,1.2125130022959307,0.7912863588288404,-0.776327602433734,10.022980482856324,31.262915129151292,28.104048054940215,115.88092468498968,0.14,supertrend,
15m,Supertrend,0.04,12,24,36,50,50,200,20,4.0,2,30,,,,1048,1245.7897251861168,7946.720664589823,30.942477109597455,44.8133284662576,0.8173359717153613,51.77635548550924,84.01269501376568,40.36259541984733,1.0688186104101625,0.3371217120138225,-0.8664883477991687,46.804766453818694,37.751192748091604,108.68281314235182,1006.9543983230199,0.17,supertrend,
15m,Supertrend,0.04,12,24,36,10,50,200,7,3.0,2,30,,,,255,399.5064540903055,7946.720664589823,18.15230193068047,24.231953162435254,0.805043783197041,33.79573257704088,84.01269501376568,47.05882352941176,1.370766991337056,0.7323730336760282,-0.346453014835054,14.779378491805994,48.991176470588236,26.444768464980644,71.31566585215697,0.14,supertrend,
15m,Supertrend,0.04,12,24,36,10,50,200,5,1.6,2,30,,,,853,-76.49395148896454,7946.720664589823,-13.942604244838641,26.455013279558813,-0.4397827520053784,79.36790540595216,84.01269501376568,37.74912075029309,0.8797576773509688,-0.1330904629959166,-0.6714681586231995,10.084794136871402,9.993552168815944,88.46034313971957,43.50556454339822,0.15,supertrend,
15m,TP/SL with ATR,0.04,12,24,36,10,50,200,7,3.0,2,30,,,,277,207.34014122124194,7946.720664589823,12.348827819350783,20.8712530804312,0.6576558936041517,29.268233956387522,84.01269501376568,56.317689530685925,1.2584059381104598,0.4727081994072699,0.8578382539220035,10.93953796511817,33.3826714801444,28.726277901175052,57.59592375405161,0.09,tp_sl_atr,
15m,TP/SL with ATR,0.04,12,24,36,10,50,200,30,4.0,2,30,,,,323,181.8373827016959,7946.720664589823,11.344070203825641,25.3075581604912,0.546992416718425,37.747074481608614,84.01269501376568,54.179566563467496,1.1469949758207771,0.40924506828933704,1.146992631754629,18.132103764126196,47.45123839009288,33.496706722308815,69.91433317831283,0.09,tp_sl_atr,
15m,TP/SL with ATR,0.04,12,24,36,20,50,200,14,4.0,2,30,,,,478,231.40489647346573,7946.720664589823,13.230599982271496,32.3568099723098,0.5431871831246528,42.06872038187063,84.01269501376568,53.55648535564853,1.1202900882192441,0.35025344145074616,1.0852953542678023,29.181664118209,51.604079497907954,49.57097775004215,95.1444921823576,0.1,tp_sl_atr,
15m,TP/SL with ATR,0.04,12,24,36,10,50,200,5,1.6,2,30,,,,3781,-93.06523531565514,7946.720664589823,-24.175557621806433,46.153775872930126,-0.37075790078644794,96.7859437671255,84.01269501376568,50.64797672573393,0.9520793256020554,-0.04437345976464315,0.15521550926999503,54.84616089887109,12.261438772811426,392.10850810232085,135.24621835338604,0.16,tp_sl_atr,
15m,Close Bullish EMA,0.04,24,24,36,12,26,50,5,1.6,2,30,45.0,80.0,,134,4002.151171392299,7946.720664589823,46.986460814267026,67.50144980623443,0.9090947878931573,82.27818473595447,84.01269501376568,62.68656716417911,1.3073789520657049,4.3630832584612,3.3962783837045984,97.39051737141133,614.3470149253732,13.896466565911398,180.3401094084154,1.15,close_bullish_ema,
15m,Close Bullish EMA,0.04,24,24,36,12,26,50,5,1.6,2,30,40.0,80.0,,134,4002.151171392299,7946.720664589823,46.986460814267026,67.50144980623443,0.9090947878931573,82.27818473595447,84.01269501376568,62.68656716417911,1.3073789520657049,4.3630832584612,3.3962783837045984,97.39051737141133,614.3470149253732,13.896466565911398,180.3401094084154,1.2,close_bullish_ema,
15m,Close Bullish EMA,0.04,24,24,36,12,26,50,5,1.6,2,30,50.0,80.0,,134,3980.2049424337915,7946.720664589823,46.904714403537675,67.50157930106836,0.9082693832251615,82.37299523880904,84.01269501376568,62.68656716417911,1.3072149961576283,4.358656815310556,3.3962783837045962,97.38755978031013,614.3283582089551,13.896466565911398,179.44226612123617,1.24,close_bullish_ema,
15m,Close Bullish EMA,0.04,12,24,36,10,50,200,5,1.6,2,30,25.0,75.0,,1109,77.38376215058744,7946.720664589823,6.12399870567637,47.413247054321204,0.36564143359808166,69.80157207283739,84.01269501376568,67.71866546438233,1.0264414749514394,0.12945297075372153,0.9976568669200011,55.5151680059625,42.31379621280433,115.00881657907269,185.422533776327,1.19,close_bullish_ema,
15m,Close EMA Crossover,0.04,12,24,36,50,100,200,5,1.6,2,30,,,,491,5190.678597470233,7946.720664589823,50.91649262921987,47.21137024795972,1.104445141739564,50.50106529902245,84.01269501376568,35.437881873727086,1.2585380000724937,1.0281019172065735,-0.8076789179169769,51.077598317722185,87.93279022403259,50.9191424168843,1141.6151241716066,0.52,close_ema_crossover,
15m,Close EMA Crossover,0.04,12,24,36,10,50,200,5,1.6,2,30,,,,739,3643.1091425175177,7946.720664589823,45.59686878564171,48.62685048152484,1.0110158446418813,74.45657596918281,84.01269501376568,30.446549391069013,1.0673662524514693,0.6910331075832342,-0.8459258466342316,54.22358797206851,62.02198917456021,76.63797606125763,2843.5735575365634,0.51,close_ema_crossover,
15m,Close EMA Crossover,0.04,12,24,36,20,50,100,5,1.6,2,30,,,,1059,1953.2302778477074,7946.720664589823,36.80636821873371,49.61464185784454,0.8750192023383451,69.8607425358042,84.01269501376568,31.916902738432483,1.0621347095760447,0.40302879937906694,-0.6511082121385674,52.88320768500472,42.21081208687441,109.82356786044903,2029.1510129063465,0.52,close_ema_crossover,
15m,Trend Zones,0.04,12,24,36,200,50,200,5,1.6,2,30,,,,6566,-43.69360727994939,7946.720664589823,-5.7824963416273745,50.230538625188025,0.12718730032186035,88.59641988396487,84.01269501376568,13.493755711239718,0.9902227461321963,0.009682530985721093,-0.2514531572981478,53.8595085075108,6.933673469387755,680.9268617296584,898.069633778766,0.2,trend_zones,
15m,Trend Zones,0.04,12,24,36,100,50,200,5,1.6,2,30,,,,10299,-99.55619300795497,7946.720664589823,-42.98326706063143,50.48369478364512,-0.8642197820470872,99.82488707917324,84.01269501376568,14.506262743955725,0.9347153323943052,-0.04175509702125495,-0.23465795104309434,53.52530071307522,4.3930478687251195,1068.0575310621007,283.90169741322825,0.47,trend_zones,
15m,Trend Zones,0.04,12,24,36,50,50,200,5,1.6,2,30,,,,15323,-99.998423620358,7946.720664589823,-68.23319492424996,49.76428468604078,-2.0618104073428567,99.99884451960153,84.01269501376568,15.727990602362462,0.8848435720014346,-0.06497430301654686,-0.2212490118596361,52.94590861635016,2.9207237486131956,1589.0713223094056,153.38638829911497,0.5,trend_zones,
15m,Trend Zones,0.04,12,24,36,10,50,200,5,1.6,2,30,,,,34803,-99.99999999999386,7946.720664589823,-95.73579793899646,48.99708267703173,-6.168399829589664,99.99999999999498,84.01269501376568,20.51259948854984,0.757414550518819,-0.08436395839681259,-0.1846282828464862,52.00095825951679,1.2629802028560757,3609.2442230851816,96.90399827340057,0.92,trend_zones,
15m,Close RSI Reverse,0.04,5,14,36,10,50,200,5,1.6,2,30,,,,41314,-99.99999999999974,7946.720664589823,-96.93468533120866,47.28207525293928,-7.096296176828182,99.99999999999979,84.01269501376568,23.040615771893304,0.7459241749020372,-0.07853948214910826,-0.17701990550211755,50.763502142774755,1.0386188701166674,4284.4673112243545,95.43752027676808,1.26,close_rsi_reverse,
15m,Close RSI Reverse,0.04,5,21,36,10,50,200,5,1.6,2,30,,,,39707,-99.99999999999955,7946.720664589823,-96.74074203250129,47.40397877062544,-6.949093418146878,99.99999999999962,84.01269501376568,22.434331478076913,0.7247089658052773,-0.08028545202063833,-0.17900833369642544,50.768234288536675,1.0807540232200872,4117.8134174077895,91.45389938280908,1.15,close_rsi_reverse,
15m,Close RSI Reverse,0.04,5,24,36,10,50,200,5,1.6,2,30,,,,39291,-99.99999999999946,7946.720664589823,-96.69367656151216,47.46651830650652,-6.909348796481855,99.99999999999956,84.01269501376568,22.27227609376193,0.7204623623879461,-0.08080265561260261,-0.17922009567693892,50.78893742624507,1.092642080883663,4074.672148068841,90.18465411286198,1.17,close_rsi_reverse,
15m,Close RSI Reverse,0.04,12,24,36,10,50,200,5,1.6,2,30,,,,27537,-99.99999999444447,7946.720664589823,-91.36073056786309,47.29054774839525,-4.926911698485819,99.9999999951427,84.01269501376568,20.08570287249882,0.7087468328788623,-0.08181597741150215,-0.19880088165740578,50.6931114745662,1.5560881722772997,2855.7238792947924,74.91784982431467,0.79,close_rsi_reverse,
15m,Green Candles,0.04,12,24,36,10,50,200,5,1.6,2,30,,,,14069,-99.99883892523815,7946.720664589823,-69.22475975167724,49.06555780695738,-2.152850541743874,99.99926910531347,84.01269501376568,33.71241737152605,0.877970099526916,-0.07295373258755639,-0.17299310783691943,51.116934279368145,3.0711671049825857,1459.0252844463243,113.34523073882777,0.49,green_candles,
15m,Close Buy/Sell Limits,0.075,12,24,36,10,50,200,5,2.5,2,30,40.0,85.0,2.0,38,13486.167855163041,7946.720664589823,66.42277802298999,64.89724703384599,1.1088331586903124,83.73159371548205,84.01269501376568,63.1578947368421,3.575578326246693,28.417643630322154,4.823914277985234,83.14143496405048,1849.421052631579,3.940789026153978,215.49042471108052,0.21,close_buy_sell_limits,
15m,Close Buy/Sell Limits,0.075,12,24,36,10,50,200,5,2.5,2,30,30.0,85.0,2.0,33,9457.495299424723,7946.720664589823,60.46175336373037,63.676937572307516,1.060463309298858,85.30149996070325,84.01269501376568,63.63636363636363,3.440780659571504,30.91690660479848,4.947217724289527,78.72161082241735,2016.4242424242423,3.4222641542916126,137.2067456086007,0.19,close_buy_sell_limits,
15m,Close Buy/Sell Limits,0.075,12,24,36,10,50,200,5,2.5,2,30,35.0,85.0,2.0,37,9244.734599316851,7946.720664589823,60.087564412542726,64.44224621161175,1.0519666287462937,83.54011515999213,84.01269501376568,62.16216216216216,3.5396458999313127,27.44070526871795,4.700610831680939,81.6028960732063,1864.2567567567569,3.8370840517815052,147.45388176838742,0.19,close_buy_sell_limits,
15m,Close Buy/Sell Limits,0.075,12,24,36,10,50,200,5,1.6,2,30,25.0,75.0,1.0,2802,-92.60489309195269,7946.720664589823,-23.6684794296384,47.361458099680654,-0.327408107377219,98.21846034055775,84.01269501376568,62.169878658101354,0.9628331797500325,-0.05472362400953072,0.34740915068096184,47.95438211485509,14.466452533904354,290.58133819166966,330.78868251104296,0.32,close_buy_sell_limits,
15m,Close ATR,0.075,12,24,36,10,50,200,14,4.0,2,30,,,,57,9034.627223279844,7946.720664589823,59.71047162594538,45.236595377512764,1.2601883781773828,63.04130079816339,84.01269501376568,70.17543859649122,2.3509184499956044,13.791312040463467,2.7727314367656164,43.86994880409804,650.5701754385965,5.911183539230968,408.3632533397592,0.09,close_atr,99.0
15m,Close ATR,0.075,12,24,36,10,50,200,20,4.0,2,30,,,,119,1304.5085210508576,7946.720664589823,31.523690427993213,44.72855882713854,0.8358049360502198,63.17628004587038,84.01269501376568,57.98319327731093,1.4202239646420785,4.332964693216168,1.0805491988684681,43.76998222487748,310.9075630252101,12.3408919503243,189.56668202131527,0.09,close_atr,99.0
15m,Close ATR,0.075,12,24,36,50,50,200,5,4.0,2,30,,,,460,1470.1752950864563,7946.720664589823,33.05333700058299,40.103726899671926,0.9136434272822135,67.71925417218372,84.01269501376568,64.34782608695652,1.152029439031522,0.7477644605442351,1.0927526063715813,38.874577434171414,71.43478260869566,47.704288211337634,1004.3644305062168,0.11,close_atr,99.0
15m,Close ATR,0.075,12,24,36,10,50,200,5,1.6,2,30,,,,2735,-90.47877902173165,7946.720664589823,-21.64163836774724,47.27163543985155,-0.2736313391073333,98.08921219011275,84.01269501376568,62.08409506398538,0.9683501185863721,-0.046964560625758725,0.34399388752360915,47.71600027209838,14.747166361974406,283.63310490871396,377.7007542943718,0.14,close_atr,99.0
15m,ATR Bands,0.075,12,24,36,10,50,200,5,2.5,2,30,,,,1363,39696.81514610071,7946.720664589823,86.04465747059334,49.70769426886834,1.5020886097159591,62.3582898373634,84.01269501376568,67.7916360968452,1.2229605414024196,0.5104056583120133,0.824610933837846,49.670080712661154,30.80355832721937,141.34988006968086,34719.80840680135,0.13,atr_bands,99.0
15m,ATR Bands,0.075,12,24,36,10,50,200,7,4.0,2,30,,,,42,7750.138098402936,7946.720664589823,57.22014826929702,52.06362570257447,1.1286243444035828,62.831357774014805,84.01269501376568,57.14285714285714,1.9572845488156712,22.05401037360827,3.760958986735234,58.03059923753301,1167.9107142857144,4.355608923643871,270.11700366086944,0.1,atr_bands,99.0
15m,ATR Bands,0.075,12,24,36,10,50,200,5,2.0,2,30,,,,2927,31941.111755204583,7946.720664589823,81.90906433284016,49.436953085554286,1.461097360135354,56.238579133455794,84.01269501376568,68.29518278100444,1.0939937741155297,0.23358070511064316,0.5352947184688809,50.30892039052033,14.52861291424667,303.5444599882288,86671.88439112333,0.16,atr_bands,99.0
15m,ATR Bands,0.075,12,24,36,10,50,200,5,1.6,2,30,,,,4762,15405.499004847015,7946.720664589823,68.71910708101584,48.67007970729854,1.318547158256092,72.13633174409672,84.01269501376568,68.10163796724066,1.034021912196392,0.12892935072412387,0.39627373567268587,50.24414914540405,8.91862662746745,493.84308796171695,131935.94064469475,0.2,atr_bands,99.0
15m,Supertrend,0.075,12,24,36,20,50,200,14,3.0,2,30,,,,271,420.0827735172488,7946.720664589823,18.647960429894006,24.540753637407935,0.8114926385940249,53.00708803747591,84.01269501376568,45.018450184501845,1.1871393892437176,0.7207571224516064,-0.8457598926401524,10.022980482856324,31.262915129151292,28.104048054940215,191.87322547249545,0.14,supertrend,
15m,Supertrend,0.075,12,24,36,50,50,200,20,4.0,2,30,,,,1048,545.9448998605869,7946.720664589823,21.344836495280695,44.79909953082982,0.6479380042425189,61.94263271422964,84.01269501376568,40.36259541984733,1.0422457945462327,0.2669102797532598,-0.9358575475465647,46.804766453818694,37.751192748091604,108.68281314235182,1246.6916257147768,0.18,supertrend,
15m,Supertrend,0.075,12,24,36,10,50,200,7,3.0,2,30,,,,255,317.80625518485374,7946.720664589823,15.984028734705502,24.218460307957415,0.7290989967721488,34.34983654217791,84.01269501376568,46.666666666666664,1.3157859960454275,0.6618850222100513,-0.4161861120606105,14.779378491805994,48.991176470588236,26.444768464980644,119.90812932553119,0.14,supertrend,
15m,Supertrend,0.075,12,24,36,10,50,200,5,1.6,2,30,,,,853,-87.06658547891134,7946.720664589823,-19.112718463844004,26.489478882769614,-0.6712872249410217,88.04127682872827,84.01269501376568,36.694021101992966,0.8315270105919327,-0.20297286179697333,-0.7409738247807166,10.084794136871402,9.993552168815944,88.46034313971957,64.81697698297094,0.15,supertrend,
15m,TP/SL with ATR,0.075,12,24,36,10,50,200,7,3.0,2,30,,,,277,153.14021064547808,7946.720664589823,10.11096186364604,20.849283382887666,0.5618980647561815,31.928531985035345,84.01269501376568,56.317689530685925,1.2058200358132478,0.4024018897841436,0.7872624475037708,10.93953796511817,33.3826714801444,28.726277901175052,96.56080848507727,0.09,tp_sl_atr,
15m,TP/SL with ATR,0.075,12,24,36,10,50,200,30,4.0,2,30,,,,323,124.77505867549552,7946.720664589823,8.762211518327545,25.276454847009216,0.45479814388337386,40.81620572386245,84.01269501376568,54.179566563467496,1.1115022407582575,0.3389831673282858,1.076214488029265,18.132103764126196,47.45123839009288,33.496706722308815,115.16429115871122,0.1,tp_sl_atr,
15m,TP/SL with ATR,0.075,12,24,36,20,50,200,14,4.0,2,30,,,,478,137.11573870241654,7946.720664589823,9.366737451840091,32.33116898031646,0.4362093902670989,42.99447397659033,84.01269501376568,53.55648535564853,1.0820805258568647,0.28003282019296966,1.0145603835390438,29.181664118209,51.604079497907954,49.57097775004215,147.7225908416203,0.09,tp_sl_atr,
15m,TP/SL with ATR,0.075,12,24,36,10,50,200,5,1.6,2,30,,,,3781,-99.50917892822714,7946.720664589823,-42.38477668007652,45.9581251617845,-0.969931483395226,99.68450956205417,84.01269501376568,50.59508066649035,0.9131862309341681,-0.11431793875851824,0.08513136683809812,54.84616089887109,12.261438772811426,392.10850810232085,137.31723203702086,0.17,tp_sl_atr,
15m,Close Bullish EMA,0.075,24,24,36,12,26,50,5,1.6,2,30,45.0,80.0,,134,3634.6628436616647,7946.720664589823,45.562763227701744,67.44659882370037,0.8948835571709121,82.71944496616842,84.01269501376568,62.68656716417911,1.2946494997402511,4.290054638288739,3.3239262903630173,97.39051737141133,614.3470149253732,13.896466565911398,317.62994376367567,1.19,close_bullish_ema,
15m,Close Bullish EMA,0.075,24,24,36,12,26,50,5,1.6,2,30,40.0,80.0,,134,3634.6628436616647,7946.720664589823,45.562763227701744,67.44659882370037,0.8948835571709121,82.71944496616842,84.01269501376568,62.68656716417911,1.2946494997402511,4.290054638288739,3.3239262903630173,97.39051737141133,614.3470149253732,13.896466565911398,317.62994376367567,1.18,close_bullish_ema,
15m,Close Bullish EMA,0.075,24,24,36,12,26,50,5,1.6,2,30,50.0,80.0,,134,3614.6826521900744,7946.720664589823,45.481808605325,67.4467549656457,0.8940574439318664,82.81189475688979,84.01269501376568,62.68656716417911,1.2944827446342813,4.285631292565127,3.323926290363022,97.38755978031013,614.3283582089551,13.896466565911398,316.05467056853536,1.13,close_bullish_ema,
15m,Close Bullish EMA,0.075,12,24,36,10,50,200,5,1.6,2,30,25.0,75.0,,1109,-18.4212430953947,7946.720664589823,-2.089311683972195,47.17843037376635,0.19456037785677724,72.33302329438338,84.01269501376568,67.2678088367899,0.9910000753545052,0.05938685579458049,0.9269832216868947,55.5151680059625,42.31379621280433,115.00881657907269,227.2896776071928,1.22,close_bullish_ema,
15m,Close EMA Crossover,0.075,12,24,36,50,100,200,5,1.6,2,30,,,,491,3651.098656807477,7946.720664589823,45.62906645577689,47.29625521376853,1.0279050844320792,52.48114165296756,84.01269501376568,35.437881873727086,1.2187815597172957,0.957406967888291,-0.877089269874363,51.077598317722185,87.93279022403259,50.9191424168843,1695.7451647311468,0.55,close_ema_crossover,
15m,Close EMA Crossover,0.075,12,24,36,10,50,200,5,1.6,2,30,,,,739,2130.707865724222,7946.720664589823,37.987649063809,48.750255814081974,0.8995915974372364,79.7268102058227,84.01269501376568,29.76995940460081,1.0511492043789707,0.6205740239494579,-0.9153094351007036,54.22358797206851,62.02198917456021,76.63797606125763,3924.348540762184,0.52,close_ema_crossover,
15m,Close EMA Crossover,0.075,12,24,36,20,50,100,5,1.6,2,30,,,,1059,877.9348741081334,7946.720664589823,26.67766987389588,49.75930468739932,0.7193692759692717,78.0970772401567,84.01269501376568,31.444759206798867,1.0401274883816312,0.3327712482851051,-0.7206281252764563,52.88320768500472,42.21081208687441,109.82356786044903,2488.6290828302363,0.52,close_ema_crossover,
15m,Trend Zones,0.075,12,24,36,200,50,200,5,1.6,2,30,,,,6566,-99.43336295152524,7946.720664589823,-41.5201097181361,51.4891944838398,-0.7880459008163357,99.83405643941329,84.01269501376568,12.305817849527871,0.9343521448341635,-0.060299773973939,-0.32125273117706576,53.8595085075108,6.933673469387755,680.9268617296584,409.9831711841298,0.19,trend_zones,
15m,Trend Zones,0.075,12,24,36,100,50,200,5,1.6,2,30,,,,10299,-99.99967308596771,7946.720664589823,-73.01518325053688,52.00039690351108,-2.25762765148883,99.99976391638006,84.01269501376568,12.787649286338478,0.865067623958087,-0.11170140822832529,-0.304469277456521,53.52530071307522,4.3930478687251195,1068.0575310621007,203.94933507222436,0.25,trend_zones,
15m,Trend Zones,0.075,12,24,36,50,50,200,5,1.6,2,30,,,,15323,-99.9999999655892,7946.720664589823,-89.56221940827224,51.38244534846118,-4.134842492017432,99.99999997382643,84.01269501376568,13.678783528029758,0.7920620247244426,-0.13490436646126328,-0.29106972124926855,52.94590861635016,2.9207237486131956,1589.0713223094056,140.21029459450477,0.47,trend_zones,
15m,Trend Zones,0.075,12,24,36,10,50,200,5,1.6,2,30,,,,34803,-100.0,7946.720664589823,-99.65961211220431,50.26440077509553,-10.963538775122167,100.0,84.01269501376568,17.147947016061835,0.5849348246797358,-0.1542804538274972,-0.2544746177851947,52.00095825951679,1.2629802028560757,3609.2442230851816,97.38221671879444,0.9,trend_zones,
15m,Close RSI Reverse,0.075,5,14,36,10,50,200,5,1.6,2,30,,,,41314,-100.0,7946.720664589823,-99.84751703734533,48.4051662452735,-13.028505242308407,100.0,84.01269501376568,19.482499878975652,0.5196686081131013,-0.14846005328789114,-0.24687156444316313,50.763502142774755,1.0386188701166674,4284.4673112243545,85.0465393864672,1.18,close_rsi_reverse,
15m,Close RSI Reverse,0.075,5,21,36,10,50,200,5,1.6,2,30,,,,39707,-100.0,7946.720664589823,-99.81779598223305,48.5328778248039,-12.633063959641522,100.0,84.01269501376568,18.95131840733372,0.5185057535030482,-0.15020480140775777,-0.24885860122428807,50.768234288536675,1.0807540232200872,4117.8134174077895,88.45180982459047,1.08,close_rsi_reverse,
15m,Close RSI Reverse,0.075,5,24,36,10,50,200,5,1.6,2,30,,,,39291,-100.0,7946.720664589823,-99.80949459336524,48.5993017419863,-12.525040847270965,100.0,84.01269501376568,18.81601384540989,0.5144752616364351,-0.1507216430837697,-0.24907021502321852,50.78893742624507,1.092642080883663,4074.672148068841,87.93821151117417,1.07,close_rsi_reverse,
15m,Close RSI Reverse,0.075,12,24,36,10,50,200,5,1.6,2,30,,,,27537,-100.0,7946.720664589823,-98.83098537083966,48.54966184478749,-8.863216358688044,100.0,84.01269501376568,17.47467044340342,0.5398935686788057,-0.15173425580537434,-0.26863729924500934,50.6931114745662,1.5560881722772997,2855.7238792947924,80.828217740567,0.78,close_rsi_reverse,
15m,Green Candles,0.075,12,24,36,10,50,200,5,1.6,2,30,,,,14069,-99.99999993899898,7946.720664589823,-88.92372787886357,49.34882159810164,-4.19632275861951,99.99999995189526,84.01269501376568,29.58987845618025,0.7881180357101145,-0.14287821238417445,-0.24284758455095204,51.116934279368145,3.0711671049825857,1459.0252844463243,116.13748377223298,0.36,green_candles,
15m,Close Buy/Sell Limits,0.1,12,24,36,10,50,200,5,2.5,2,30,40.0,85.0,2.0,38,13230.24569886658,7946.720664589823,66.09489573051764,64.8925481630705,1.105826823350564,83.75599937116293,84.01269501376568,63.1578947368421,3.539652785382685,28.353450808567843,4.771515381271258,83.14143496405048,1849.421052631579,3.940789026153978,283.34679804065814,0.19,close_buy_sell_limits,
15m,Close Buy/Sell Limits,0.1,12,24,36,10,50,200,5,2.5,2,30,30.0,85.0,2.0,33,9300.954667935173,7946.720664589823,60.18717683990846,63.67316103306982,1.057798352974124,85.30885380676169,84.01269501376568,63.63636363636363,3.4078182669202066,30.85146446294996,4.894757191215265,78.72161082241735,2016.4242424242423,3.4222641542916126,180.82428806958075,0.19,close_buy_sell_limits,
15m,Close Buy/Sell Limits,0.1,12,24,36,10,50,200,5,2.5,2,30,35.0,85.0,2.0,37,9073.297686260437,7946.720664589823,59.78045566544215,64.43759623129004,1.0490158995696226,83.56480806936054,84.01269501376568,62.16216216216216,3.50381811799888,27.37700079442383,4.6482735713272785,81.6028960732063,1864.2567567567569,3.8370840517815052,193.97939933305227,0.18,close_buy_sell_limits,
15m,Close Buy/Sell Limits,0.1,12,24,36,10,50,200,5,1.6,2,30,25.0,75.0,1.0,2802,-98.18044567093163,7946.720664589823,-33.99912126581999,47.15956240349015,-0.6384998443990397,99.48393376275358,84.01269501376568,60.77801570306923,0.9470233207449584,-0.10468380962124574,0.297247948785212,47.95438211485509,14.466452533904354,290.58133819166966,305.37665491949303,0.36,close_buy_sell_limits,
15m,Close ATR,0.1,12,24,36,10,50,200,14,4.0,2,30,,,,57,8777.74356777386,7946.720664589823,59.23871738326232,45.22624579285491,1.2538377990588878,63.17054302704297,84.01269501376568,70.17543859649122,2.3313821291688286,13.734430562151722,2.721357875907299,43.86994880409804,650.5701754385965,5.911183539230968,533.8080859208957,0.09,close_atr,99.0
15m,Close ATR,0.1,12,24,36,10,50,200,20,4.0,2,30,,,,119,1223.308878453813,7946.720664589823,30.713922935791025,44.711514868075206,0.8221535208623109,63.45166492344296,84.01269501376568,57.98319327731093,1.4042696097013272,4.280811210125239,1.0300215182934238,43.76998222487748,310.9075630252101,12.3408919503243,243.56423635243115,0.09,close_atr,99.0
15m,Close ATR,0.1,12,24,36,50,50,200,5,4.0,2,30,,,,460,1147.3057668428526,7946.720664589823,29.9145653473635,40.037758965228534,0.8548919997927114,67.91252736230209,84.01269501376568,64.13043478260869,1.1328429904850954,0.6974031308753992,1.0422188256132805,38.874577434171414,71.43478260869566,47.704288211337634,1167.4823181814209,0.1,close_atr,99.0
15m,Close ATR,0.1,12,24,36,10,50,200,5,1.6,2,30,,,,2735,-97.57743843800256,7946.720664589823,-32.01059166323703,47.07602913448831,-0.5775910669247514,99.42743209137555,84.01269501376568,60.6581352833638,0.9540921668644566,-0.09692862480243321,0.29383439283390017,47.71600027209838,14.747166361974406,283.63310490871396,346.9988110150211,0.25,close_atr,99.0
15m,ATR Bands,0.1,12,24,36,10,50,200,5,2.5,2,30,,,,1363,20019.511172693736,7946.720664589823,73.3391194320329,49.56703379853426,1.3621572946576257,63.70860057568485,84.01269501376568,67.57153338224505,1.1820634374937495,0.46016297847082477,0.7742111905069688,49.670080712661154,30.80355832721937,141.34988006968086,27560.171339384753,0.24,atr_bands,99.0
15m,ATR Bands,0.1,12,24,36,10,50,200,7,4.0,2,30,,,,42,7586.862728501233,7946.720664589823,56.87782688584721,52.05613031551505,1.1245256864892432,62.831357774014805,84.01269501376568,57.14285714285714,1.9476638660057874,21.99299857561214,3.709091435229107,58.03059923753301,1167.9107142857144,4.355608923643871,354.9211011833946,0.1,atr_bands,99.0
15m,ATR Bands,0.1,12,24,36,10,50,200,5,2.0,2,30,,,,2927,7305.612279887039,7946.720664589823,56.27257651872901,49.21359679898518,1.1567948348652393,60.67298384898548,84.01269501376568,66.79193713700035,1.0574751723731088,0.1834764032553422,0.4850395971986275,50.30892039052033,14.52861291424667,303.5444599882288,40362.37692322548,0.27,atr_bands,99.0
15m,ATR Bands,0.1,12,24,36,10,50,200,5,1.6,2,30,,,,4762,1330.6222987052602,7946.720664589823,31.77520165102421,48.37536670725161,0.8129501025590021,88.93280095300679,84.01269501376568,65.83368332633347,1.011898725256862,0.07887736150709099,0.3460881075726694,50.24414914540405,8.91862662746745,493.84308796171695,39420.77650756127,0.33,atr_bands,99.0
15m,Supertrend,0.1,12,24,36,20,50,200,14,3.0,2,30,,,,271,354.123556414574,7946.720664589823,16.990936097101894,24.52337175573481,0.7549452954908557,54.959225551467824,84.01269501376568,45.018450184501845,1.1697335191711322,0.6704092930868669,-0.89532465867589,10.022980482856324,31.262915129151292,28.104048054940215,234.3239842226128,0.14,supertrend,
15m,Supertrend,0.1,12,24,36,50,50,200,20,4.0,2,30,,,,1048,282.3189858082178,7946.720664589823,14.921281298056034,44.79279725514306,0.5268512521532329,71.98593493951373,84.01269501376568,40.26717557251908,1.02727911470804,0.21678931726330106,-0.9853772759804582,46.804766453818694,37.751192748091604,108.68281314235182,1264.1048933231368,0.17,supertrend,
15m,Supertrend,0.1,12,24,36,10,50,200,7,3.0,2,30,,,,255,267.7510298415324,7946.720664589823,14.459212209406092,24.210833277803378,0.6747509504848263,34.97842751632145,84.01269501376568,46.666666666666664,1.2792756936384426,0.6115666215603244,-0.4659656114643296,14.779378491805994,48.991176470588236,26.444768464980644,148.077515201352,0.14,supertrend,
15m,Supertrend,0.1,12,24,36,10,50,200,5,1.6,2,30,,,,853,-91.5603510107382,7946.720664589823,-22.615407888680117,26.527011357630613,-0.8357679394458731,92.15526923866804,84.01269501376568,36.107854630715124,0.7968914758575683,-0.2528589412607518,-0.7905909707946756,10.084794136871402,9.993552168815944,88.46034313971957,74.38348120392044,0.15,supertrend,
15m,TP/SL with ATR,0.1,12,24,36,10,50,200,7,3.0,2,30,,,,277,120.3731471875924,7946.720664589823,8.53936126058501,20.836402167870414,0.4933201012733813,35.208859764163826,84.01269501376568,55.95667870036101,1.1706297499446696,0.3522131983706045,0.7368813737626487,10.93953796511817,33.3826714801444,28.726277901175052,119.03389635797434,0.08,tp_sl_atr,
15m,TP/SL with ATR,0.1,12,24,36,10,50,200,30,4.0,2,30,,,,323,91.2265260970571,7946.720664589823,6.954224273461085,25.257075433679514,0.38877434197975685,45.56678734522593,84.01269501376568,54.179566563467496,1.0874677468447063,0.288826177374384,1.025688974269562,18.132103764126196,47.45123839009288,33.496706722308815,140.25208298240503,0.09,tp_sl_atr,
15m,TP/SL with ATR,0.1,12,24,36,20,50,200,14,4.0,2,30,,,,478,86.66938575399763,7946.720664589823,6.687030861089305,32.31576231125278,0.3596725362864877,43.64685000013736,84.01269501376568,53.34728033472803,1.057156258007862,0.22990529806777985,0.9640656891498718,29.181664118209,51.604079497907954,49.57097775004215,173.06190836694327,0.09,tp_sl_atr,
15m,TP/SL with ATR,0.1,12,24,36,10,50,200,5,1.6,2,30,,,,3781,-99.92601044020614,7946.720664589823,-52.650281536758015,45.83853084059049,-1.4000805605535618,99.94003615151176,84.01269501376568,50.35704839989421,0.8846801751461124,-0.16424833463794958,0.03510127115604158,54.84616089887109,12.261438772811426,392.10850810232085,134.8306740031423,0.26,tp_sl_atr,
15m,Close Bullish EMA,0.1,24,24,36,12,26,50,5,1.6,2,30,45.0,80.0,,134,3392.433839527313,7946.720664589823,44.553985180065325,67.40790270629266,0.8847140025204508,83.02797977537062,84.01269501376568,61.940298507462686,1.2857216686268345,4.237922604878938,3.2722772007534573,97.39051737141133,614.3470149253732,13.896466565911398,405.13378298188275,1.2,close_bullish_ema,
15m,Close Bullish EMA,0.1,24,24,36,12,26,50,5,1.6,2,30,40.0,80.0,,134,3392.433839527313,7946.720664589823,44.553985180065325,67.40790270629266,0.8847140025204508,83.02797977537062,84.01269501376568,61.940298507462686,1.2857216686268345,4.237922604878938,3.2722772007534573,97.39051737141133,614.3470149253732,13.896466565911398,405.13378298188275,1.22,close_bullish_ema,
15m,Close Bullish EMA,0.1,24,24,36,12,26,50,5,1.6,2,30,50.0,80.0,,134,3373.7495567053616,7946.720664589823,44.47359158884863,67.40807789604622,0.8838873951203515,83.11877892590796,84.01269501376568,61.940298507462686,1.2855529733164806,4.233501470277067,3.2722772007534457,97.38755978031013,614.3283582089551,13.896466565911398,403.1302708660605,1.21,close_bullish_ema,
15m,Close Bullish EMA,0.1,12,24,36,10,50,200,5,1.6,2,30,25.0,75.0,,1109,-53.16722488790444,7946.720664589823,-7.565438546320424,47.014269590604364,0.07133542112799852,82.40443319969059,84.01269501376568,66.726780883679,0.9671736199097577,0.00936962916043807,0.8765323049670343,55.5151680059625,42.31379621280433,115.00881657907269,230.1330090254161,1.29,close_bullish_ema,
15m,Close EMA Crossover,0.1,12,24,36,50,100,200,5,1.6,2,30,,,,491,2833.903445391059,7946.720664589823,41.96504709931992,47.35818480461757,0.9733775266502814,53.97896266132087,84.01269501376568,35.437881873727086,1.1932899087035755,0.90694084308597,-0.9266383751249185,51.077598317722185,87.93279022403259,50.9191424168843,1921.5725812954024,0.5,close_ema_crossover,
15m,Close EMA Crossover,0.1,12,24,36,10,50,200,5,1.6,2,30,,,,739,1441.0983339843256,7946.720664589823,32.795670506783516,48.84071129105179,0.8203207830328211,83.62734874962463,84.01269501376568,29.36400541271989,1.0413999917548757,0.5702762736517623,-0.9648394350306608,54.22358797206851,62.02198917456021,76.63797606125763,4240.487015349468,0.51,close_ema_crossover,
15m,Close EMA Crossover,0.1,12,24,36,20,50,100,5,1.6,2,30,,,,1059,475.63821011099765,7946.720664589823,19.90334424528484,49.86533998858455,0.6087278490082916,83.12329784485544,84.01269501376568,30.97261567516525,1.0277375735722127,0.28261736351675737,-0.7702554416052041,52.88320768500472,42.21081208687441,109.82356786044903,2496.4041813472704,0.52,close_ema_crossover,
15m,Trend Zones,0.1,12,24,36,200,50,200,5,1.6,2,30,,,,6566,-99.978803335917,7946.720664589823,-58.40743853944195,52.45998583918522,-1.4114459552888872,99.99195138651348,84.01269501376568,11.6052391105696,0.899595051608503,-0.11025717220542647,-0.3710796854431118,53.8595085075108,6.933673469387755,680.9268617296584,309.66317317618484,0.3,trend_zones,
15m,Trend Zones,0.1,12,24,36,100,50,200,5,1.6,2,30,,,,10299,-99.99999811168017,7946.720664589823,-84.18786137447962,53.1663371592737,-3.1965889856722987,99.99999855254883,84.01269501376568,11.972036120011651,0.8120098849029486,-0.16163311204701766,-0.3543046213583109,53.52530071307522,4.3930478687251195,1068.0575310621007,174.95697496859376,0.39,trend_zones,
15m,Trend Zones,0.1,12,24,36,50,50,200,5,1.6,2,30,,,,15323,-99.99999999998391,7946.720664589823,-95.28758516718274,52.62079493584246,-5.524038385310417,99.99999999998762,84.01269501376568,12.712915225478039,0.7223149689179723,-0.18482447169178726,-0.3409117632596504,52.94590861635016,2.9207237486131956,1589.0713223094056,132.43829637784074,0.45,trend_zones,
15m,Trend Zones,0.1,12,24,36,10,50,200,5,1.6,2,30,,,,34803,-100.0,7946.720664589823,-99.94408217146093,51.24724959742865,-14.201010167226762,100.0,84.01269501376568,15.455564175502111,0.4929994319179732,-0.20419087342848133,-0.3043349527877773,52.00095825951679,1.2629802028560757,3609.2442230851816,97.52890940629162,0.83,trend_zones,
15m,Close RSI Reverse,0.1,5,14,36,10,50,200,5,1.6,2,30,,,,41314,-100.0,7946.720664589823,-99.98213322028577,49.282649340152986,-17.044034792909123,100.0,84.01269501376568,17.507382485356054,0.4223303688381193,-0.19837338236395843,-0.29673570002512617,50.763502142774755,1.0386188701166674,4284.4673112243545,83.98161122133615,1.11,close_rsi_reverse,
15m,Close RSI Reverse,0.1,5,21,36,10,50,200,5,1.6,2,30,,,,39707,-100.0,7946.720664589823,-99.9767938531169,49.41397765021961,-16.481244826631592,100.0,84.01269501376568,17.044853552270382,0.424854933879211,-0.20011725832715016,-0.29872174353544906,50.768234288536675,1.0807540232200872,4117.8134174077895,88.61884808665626,1.09,close_rsi_reverse,
15m,Close RSI Reverse,0.1,5,24,36,10,50,200,5,1.6,2,30,,,,39291,-100.0,7946.720664589823,-99.97520702714225,49.48205041664486,-16.32729577616386,100.0,84.01269501376568,16.912269985492863,0.4220024625700767,-0.20063384164671946,-0.2989332515538451,50.78893742624507,1.092642080883663,4074.672148068841,88.50358099420822,1.1,close_rsi_reverse,
15m,Close RSI Reverse,0.1,12,24,36,10,50,200,5,1.6,2,30,,,,27537,-100.0,7946.720664589823,-99.71999595340758,49.52955569616951,-11.519729359758655,100.0,84.01269501376568,16.083814504121726,0.4499706293959868,-0.20164594818812867,-0.31849055467144693,50.6931114745662,1.5560881722772997,2855.7238792947924,82.55481494374348,0.85,close_rsi_reverse,
15m,Green Candles,0.1,12,24,36,10,50,200,5,1.6,2,30,,,,14069,-99.99999999994658,7946.720664589823,-94.66305364951114,49.58941984292603,-5.633813391643108,99.99999999995727,84.01269501376568,27.159002061269454,0.7188875484463031,-0.19279433168523008,-0.2927137316214789,51.116934279368145,3.0711671049825857,1459.0252844463243,113.92114070784119,0.46,green_candles,
15m,Close Buy/Sell Limits,0.2,12,24,36,10,50,200,5,2.5,2,30,40.0,85.0,2.0,38,12253.27720282759,7946.720664589823,64.78899992315243,64.87460396555285,1.093783593166195,83.85331711405195,84.01269501376568,63.1578947368421,3.401120535373913,28.096999845012313,4.562181265955796,83.14143496405048,1849.421052631579,3.940789026153978,536.0766976845673,0.19,close_buy_sell_limits,
15m,Close Buy/Sell Limits,0.2,12,24,36,10,50,200,5,2.5,2,30,30.0,85.0,2.0,33,8699.651252400074,7946.720664589823,59.092878890264444,63.6588007847433,1.0471237288913442,85.33825079027963,84.01269501376568,63.63636363636363,3.280702281389551,30.590022453149825,4.685176838025311,78.72161082241735,2016.4242424242423,3.4222641542916126,345.2374039691229,0.18,close_buy_sell_limits,
15m,Close Buy/Sell Limits,0.2,12,24,36,10,50,200,5,2.5,2,30,35.0,85.0,2.0,37,8418.034872749651,7946.720664589823,58.55713849468928,64.419833897449,1.037196062447097,83.66327123857505,84.01269501376568,62.16216216216216,3.365690706990481,27.12250078384553,4.439185693886295,81.6028960732063,1864.2567567567569,3.8370840517815052,367.7062480115748,0.18,close_buy_sell_limits,
15m,Close Buy/Sell Limits,0.2,12,24,36,10,50,200,5,1.6,2,30,25.0,75.0,1.0,2802,-99.99335458077545,7946.720664589823,-63.12136900531243,46.40604595236819,-1.9066703487197738,99.99662509548148,84.01269501376568,53.89007851534618,0.8795982073968525,-0.30427524974477105,0.09685344660080905,47.95438211485509,14.466452533904354,290.58133819166966,244.98473440748037,0.25,close_buy_sell_limits,
15m,Close ATR,0.2,12,24,36,10,50,200,14,4.0,2,30,,,,57,7819.880802772836,7946.720664589823,57.36442835301811,45.18662894091111,1.228359475366086,63.683326768857484,84.01269501376568,70.17543859649122,2.2554184267873523,13.507188488616796,2.516119987568032,43.86994880409804,650.5701754385965,5.911183539230968,986.6148983723854,0.09,close_atr,99.0
15m,Close ATR,0.2,12,24,36,10,50,200,20,4.0,2,30,,,,119,942.6627419309002,7946.720664589823,27.522430753273763,44.64701848318429,0.7673845401885958,64.53342998465052,84.01269501376568,57.14285714285714,1.3441092924697697,4.072457524683047,0.8281629301278074,43.76998222487748,310.9075630252101,12.3408919503243,420.8948779635399,0.1,close_atr,99.0
15m,Close ATR,0.2,12,24,36,50,50,200,5,4.0,2,30,,,,460,396.38854030596383,7946.720664589823,18.07560415923639,39.78707844845045,0.6177608126772762,70.92570507799033,84.01269501376568,61.30434782608696,1.0702467099137636,0.49620911624024316,0.8403358671545751,38.874577434171414,71.43478260869566,47.704288211337634,1390.639555718853,0.1,close_atr,99.0
15m,Close ATR,0.2,12,24,36,10,50,200,5,1.6,2,30,,,,2735,-99.98988152488518,7946.720664589823,-61.47784622970387,46.347332249650194,-1.815983516908671,99.99575043898895,84.01269501376568,53.60146252285192,0.8947447712239034,-0.2965355598316807,0.09344671095474616,47.71600027209838,14.747166361974406,283.63310490871396,275.0430721321865,0.15,close_atr,99.0
15m,ATR Bands,0.2,12,24,36,10,50,200,5,2.5,2,30,,,,1363,1212.055089303159,7946.720664589823,30.598199870630506,49.03128180461387,0.794181309976665,72.23968980427212,84.01269501376568,62.435803374908296,1.0608107333595678,0.2594429710812468,0.5728637129085858,49.670080712661154,30.80355832721937,141.34988006968086,8251.991830686551,0.12,atr_bands,99.0
15m,ATR Bands,0.2,12,24,36,10,50,200,7,4.0,2,30,,,,42,6966.650012429667,7946.720664589823,55.515129806972354,52.02727524581,1.1080960039692558,62.831357774014805,84.01269501376568,57.14285714285714,1.9099879976622063,21.74925583371731,3.501880049321764,58.03059923753301,1167.9107142857144,4.355608923643871,669.5989314297227,0.1,atr_bands,99.0
15m,ATR Bands,0.2,12,24,36,10,50,200,5,2.0,2,30,,,,2927,-78.9437226595777,7946.720664589823,-14.91925083419574,48.36994938109625,-0.0873574060598551,97.1266894931489,84.01269501376568,60.23231978134609,0.9881531392773059,-0.01669078269959678,0.28426988617583104,50.30892039052033,14.52861291424667,303.5444599882288,2823.519395927485,0.15,atr_bands,99.0
15m,ATR Bands,0.2,12,24,36,10,50,200,5,1.6,2,30,,,,4762,-99.89693995051529,7946.720664589823,-50.99474979020615,47.27760545692926,-1.2672186311003732,99.97722655734881,84.01269501376568,57.30785384292314,0.9698606563185425,-0.1210808349358845,0.14559602245845554,50.24414914540405,8.91862662746745,493.84308796171695,1528.2049756626525,0.18,atr_bands,99.0
15m,Supertrend,0.2,12,24,36,20,50,200,14,3.0,2,30,,,,271,163.8959891453136,7946.720664589823,10.587152768448105,24.476124375653598,0.5275715255193083,62.576821965592664,84.01269501376568,43.91143911439114,1.1048734152159507,0.469269212301306,-1.0933363936470613,10.022980482856324,31.262915129151292,28.104048054940215,332.73664577022265,0.13,supertrend,
15m,Supertrend,0.2,12,24,36,50,50,200,20,4.0,2,30,,,,1048,-53.14271921079463,7946.720664589823,-7.560423800000226,44.799717148451,0.04232556541839581,94.72678047441794,84.01269501376568,39.79007633587786,0.9895121665590325,0.016555571906628336,-1.183209085282832,46.804766453818694,37.751192748091604,108.68281314235182,1016.6549404731575,0.17,supertrend,
15m,Supertrend,0.2,12,24,36,10,50,200,7,3.0,2,30,,,,255,120.66373196910898,7946.720664589823,8.554194791552483,24.197094272949176,0.4567500718741013,41.07982992352861,84.01269501376568,46.27450980392157,1.1524613882368753,0.4105441087849421,-0.6648352083837029,14.779378491805994,48.991176470588236,26.444768464980644,220.15051621742302,0.14,supertrend,
15m,Supertrend,0.2,12,24,36,10,50,200,5,1.6,2,30,,,,853,-98.47136109985797,7946.720664589823,-35.180841750424804,26.783126109673503,-1.4823126352848701,98.5489163417521,84.01269501376568,34.81828839390387,0.6562891166988685,-0.4521543265836895,-0.9888119643015685,10.084794136871402,9.993552168815944,88.46034313971957,90.62217532035537,0.16,supertrend,
15m,TP/SL with ATR,0.2,12,24,36,10,50,200,7,3.0,2,30,,,,277,26.531329102187694,7946.720664589823,2.4704039445862414,20.80835916617404,0.21800137033975978,50.3069315112366,84.01269501376568,54.151624548736464,1.0464074312134128,0.15170887528828678,0.5356084813617292,10.93953796511817,33.3826714801444,28.726277901175052,176.13667216006687,0.09,tp_sl_atr,
15m,TP/SL with ATR,0.2,12,24,36,10,50,200,30,4.0,2,30,,,,323,0.13188990471859618,7946.720664589823,0.013669561598517177,25.203269367339225,0.12364636772214879,63.51784401420855,84.01269501376568,53.86996904024768,1.000413418068645,0.0884485019397079,0.823839042552865,18.132103764126196,47.45123839009288,33.496706722308815,198.41772918170483,0.09,tp_sl_atr,
15m,TP/SL with ATR,0.2,12,24,36,20,50,200,14,4.0,2,30,,,,478,-28.342141501313844,7946.720664589823,-3.397105639889797,32.278397644321174,0.05285577435706777,62.42963342894943,84.01269501376568,53.13807531380753,0.9737155765259705,0.029645346902895692,0.7623388811259744,29.181664118209,51.604079497907954,49.57097775004215,215.92598921077854,0.1,tp_sl_atr,
15m,TP/SL with ATR,0.2,12,24,36,10,50,200,5,1.6,2,30,,,,3781,-99.99996197215687,7946.720664589823,-78.41139348789747,45.52937676136031,-3.1287530828463606,99.99996682729162,84.01269501376568,48.79661465220841,0.7558027688719599,-0.36372076448369883,-0.16476946039617346,54.84616089887109,12.261438772811426,392.10850810232085,126.52604435542918,0.18,tp_sl_atr,
15m,Close Bullish EMA,0.2,24,24,36,12,26,50,5,1.6,2,30,45.0,80.0,,134,2570.314463433662,7946.720664589823,40.5858522436342,67.25715353019085,0.8438833700022698,84.20871902458629,84.01269501376568,61.940298507462686,1.251571848944695,4.029654611126932,3.0659385723031263,97.39051737141133,614.3470149253732,13.896466565911398,680.5052538396518,1.2,close_bullish_ema,
15m,Close Bullish EMA,0.2,24,24,36,12,26,50,5,1.6,2,30,40.0,80.0,,134,2570.314463433662,7946.720664589823,40.5858522436342,67.25715353019085,0.8438833700022698,84.20871902458629,84.01269501376568,61.940298507462686,1.251571848944695,4.029654611126932,3.0659385723031263,97.39051737141133,614.3470149253732,13.896466565911398,680.5052538396518,1.18,close_bullish_ema,
15m,Close Bullish EMA,0.2,24,24,36,12,26,50,5,1.6,2,30,50.0,80.0,,134,2556.0284631968984,7946.720664589823,40.50766552659519,67.25740502224667,0.8430548867670237,84.29320130067875,84.01269501376568,61.940298507462686,1.2513957165231837,4.025242309978478,3.065938572303131,97.38755978031013,614.3283582089551,13.896466565911398,677.1812139246433,1.18,close_bullish_ema,
15m,Close Bullish EMA,0.2,12,24,36,10,50,200,5,1.6,2,30,25.0,75.0,,1109,-94.9203056266439,7946.720664589823,-26.58430410888355,46.387925216009975,-0.4297776974097729,97.334356071574,84.01269501376568,63.93146979260595,0.8794512666158818,-0.19044969041695511,0.674980389169092,55.5151680059625,42.31379621280433,115.00881657907269,192.82922357297178,1.28,close_bullish_ema,
15m,Close EMA Crossover,0.2,12,24,36,50,100,200,5,1.6,2,30,,,,491,997.3064283073445,7946.720664589823,28.1997506975741,47.61661823872071,0.7565371356253714,59.51602056912753,84.01269501376568,35.03054989816701,1.1115013181613467,0.7053281708466818,-1.124587545103044,51.077598317722185,87.93279022403259,50.9191424168843,2072.679130429832,0.49,close_ema_crossover,
15m,Close EMA Crossover,0.2,12,24,36,10,50,200,5,1.6,2,30,,,,739,250.7347328454681,7946.720664589823,13.898239140327773,49.221510417691036,0.5060559310770595,93.15106593854287,84.01269501376568,26.522327469553453,1.0140820333426641,0.3693362592388304,-1.1627122790622568,54.22358797206851,62.02198917456021,76.63797606125763,3930.1816740170198,0.51,close_ema_crossover,
15m,Close EMA Crossover,0.2,12,24,36,20,50,100,5,1.6,2,30,,,,1059,-30.98682654915298,7946.720664589823,-3.773110635409349,50.31166951934295,0.1708942439045875,95.10806535535633,84.01269501376568,29.367327667610954,0.9960996717578858,0.08225209332935955,-0.9685170656212525,52.88320768500472,42.21081208687441,109.82356786044903,1864.3013363468508,0.51,close_ema_crossover,
15m,Trend Zones,0.2,12,24,36,200,50,200,5,1.6,2,30,,,,6566,-99.99999995883346,7946.720664589823,-89.3663696491358,56.85967782560232,-3.645397595843211,99.99999996857018,84.01269501376568,9.57965275662504,0.7597668772988231,-0.30983747671712436,-0.5701388650110224,53.8595085075108,6.933673469387755,680.9268617296584,189.7202879093398,0.36,trend_zones,
15m,Trend Zones,0.2,12,24,36,100,50,200,5,1.6,2,30,,,,10299,-100.0,7946.720664589823,-98.13836769632613,58.40785438701705,-6.489150805179065,100.0,84.01269501376568,9.661132148752307,0.5906706956894859,-0.36111076712316903,-0.5533973176047512,53.52530071307522,4.3930478687251195,1068.0575310621007,124.62854660102633,0.43,trend_zones,
15m,Trend Zones,0.2,12,24,36,50,50,200,5,1.6,2,30,,,,15323,-100.0,7946.720664589823,-99.80460200612578,58.13850030577959,-10.346426322667876,100.0,84.01269501376568,10.226456960125303,0.4838533166510453,-0.3842557902924515,-0.5400312185168019,52.94590861635016,2.9207237486131956,1589.0713223094056,116.04202131683475,0.51,trend_zones,
15m,Trend Zones,0.2,12,24,36,10,50,200,5,1.6,2,30,,,,34803,-100.0,7946.720664589823,-99.99995945933698,55.69919815622883,-25.598085758194337,100.0,84.01269501376568,10.852512714421172,0.29887478693463715,-0.40358349784247055,-0.5035274887313411,52.00095825951679,1.2629802028560757,3609.2442230851816,99.06520434968162,0.96,trend_zones,
15m,Close RSI Reverse,0.2,5,14,36,10,50,200,5,1.6,2,30,,,,41314,-100.0,7946.720664589823,-99.99999665023452,53.29363638726329,-31.245347049678774,100.0,84.01269501376568,12.136321827951784,0.25055109531993947,-0.39777763015994133,-0.49594341932122743,50.763502142774755,1.0386188701166674,4284.4673112243545,86.26708578613244,1.08,close_rsi_reverse,
15m,Close RSI Reverse,0.2,5,21,36,10,50,200,5,1.6,2,30,,,,39707,-100.0,7946.720664589823,-99.9999939250549,53.43793544286963,-30.09727914500709,100.0,84.01269501376568,11.912257284609765,0.24440951315756082,-0.39951802184851265,-0.4979254947047228,50.768234288536675,1.0807540232200872,4117.8134174077895,91.01022353740305,1.03,close_rsi_reverse,
15m,Close RSI Reverse,0.2,5,24,36,10,50,200,5,1.6,2,30,,,,39291,-100.0,7946.720664589823,-99.99999292386269,53.505310181430055,-29.78643061545759,100.0,84.01269501376568,11.875493115471738,0.24352751032344247,-0.40003357303151527,-0.498136580128823,50.78893742624507,1.092642080883663,4074.672148068841,91.49987708958909,1.02,close_rsi_reverse,
15m,Close RSI Reverse,0.2,12,24,36,10,50,200,5,1.6,2,30,,,,27537,-100.0,7946.720664589823,-99.99908169364429,53.99819695805501,-20.853240090087052,100.0,84.01269501376568,12.060137269855103,0.2559716230751308,-0.40104365737799214,-0.5176548076376751,50.6931114745662,1.5560881722772997,2855.7238792947924,85.65759898700155,0.8,close_rsi_reverse,
15m,Green Candles,0.2,12,24,36,10,50,200,5,1.6,2,30,,,,14069,-100.0,7946.720664589823,-99.71285869129328,50.85189482621586,-11.152455255019001,100.0,84.01269501376568,20.122254602317152,0.47057660376793403,-0.3922097264578879,-0.49192948683455573,51.116934279368145,3.0711671049825857,1459.0252844463243,105.20594944018427,0.44,green_candles,
