lookback,top,every,regime,rendimento_%,CAGR_%,Sharpe,drawdown_%,ribilanciamenti,turnover_annuo
10,1,1,none,2790.5,81.8,1.08,76.9,1298,148.1
10,1,1,btc,5973.8,107.4,1.39,44.9,800,89.4
10,1,3,none,3208.2,86.2,1.11,69.7,561,87.7
10,1,3,btc,1889.0,70.1,1.12,60.4,348,54.9
10,1,7,none,20807.8,158.3,1.49,58.7,259,51.4
10,1,7,btc,8132.6,118.9,1.48,45.5,168,34.8
10,1,14,none,25547.0,167.9,1.48,67.7,132,26.1
10,1,14,btc,14215.9,141.5,1.56,57.9,88,16.9
10,2,1,none,1828.3,69.2,1.12,69.7,1644,115.1
10,2,1,btc,3727.6,91.1,1.56,51.6,1015,73.2
10,2,3,none,2979.5,83.8,1.22,64.9,579,65.9
10,2,3,btc,2487.4,78.2,1.36,58.9,359,42.6
10,2,7,none,3879.5,92.4,1.31,53.3,259,39.7
10,2,7,btc,2752.3,81.3,1.42,42.2,168,26.1
10,2,14,none,2241.1,75.1,1.15,63.3,134,22.3
10,2,14,btc,1407.5,61.9,1.18,52.8,89,15.4
10,3,1,none,1368.7,61.2,1.14,68.5,1644,93.1
10,3,1,btc,1644.8,66.2,1.44,48.4,1015,61.4
10,3,3,none,2453.7,77.8,1.29,56.5,579,51.4
10,3,3,btc,1579.4,65.1,1.38,51.9,359,34.1
10,3,7,none,3291.7,87.0,1.37,46.8,259,31.5
10,3,7,btc,1890.6,70.1,1.43,38.6,168,21.6
10,3,14,none,1270.4,59.2,1.08,60.3,134,19.3
10,3,14,btc,622.7,42.1,1.01,53.3,89,14.0
10,5,1,none,960.1,52.1,1.22,60.8,1644,56.6
10,5,1,btc,819.1,48.3,1.38,44.3,1015,38.0
10,5,3,none,1228.2,58.3,1.28,50.0,579,31.4
10,5,3,btc,701.8,44.7,1.28,50.6,359,22.1
10,5,7,none,1166.3,57.0,1.22,47.8,259,21.1
10,5,7,btc,686.0,44.2,1.18,41.5,168,15.0
10,5,14,none,320.2,29.0,0.78,61.3,134,14.4
10,5,14,btc,202.3,21.7,0.71,53.5,89,10.5
20,1,1,none,1114.8,55.8,0.92,84.0,964,109.7
20,1,1,btc,2656.5,80.3,1.18,65.2,656,74.5
20,1,3,none,5009.4,101.1,1.2,74.2,485,59.6
20,1,3,btc,4660.0,98.6,1.31,66.8,325,39.3
20,1,7,none,14440.6,142.2,1.4,65.9,231,37.9
20,1,7,btc,4986.7,101.0,1.32,46.8,161,27.0
20,1,14,none,7829.4,117.5,1.28,78.4,126,26.5
20,1,14,btc,4495.9,97.4,1.29,50.2,91,19.0
20,2,1,none,3275.6,86.9,1.26,70.1,1582,84.2
20,2,1,btc,3244.5,86.6,1.45,52.3,1051,56.4
20,2,3,none,3963.0,93.1,1.31,68.2,553,46.7
20,2,3,btc,2980.5,83.8,1.42,62.3,367,31.6
20,2,7,none,11752.8,133.6,1.57,57.3,240,29.1
20,2,7,btc,5196.1,102.4,1.57,39.3,170,22.1
20,2,14,none,6381.8,109.8,1.42,61.6,127,19.4
20,2,14,btc,2509.1,78.5,1.34,49.0,92,14.6
20,3,1,none,1507.8,63.8,1.16,70.3,1582,69.1
20,3,1,btc,1433.6,62.4,1.33,54.0,1051,47.7
20,3,3,none,1866.3,69.8,1.21,68.4,553,38.2
20,3,3,btc,1302.9,59.9,1.28,61.2,367,26.3
20,3,7,none,5636.5,105.3,1.51,58.4,240,22.4
20,3,7,btc,3508.2,89.1,1.6,45.7,170,17.0
20,3,14,none,1848.1,69.5,1.19,70.5,127,16.1
20,3,14,btc,1098.8,55.5,1.16,57.3,92,12.5
20,5,1,none,689.6,44.4,1.09,58.4,1582,43.1
20,5,1,btc,489.5,37.0,1.09,47.0,1051,30.2
20,5,3,none,859.5,49.4,1.15,57.8,553,24.3
20,5,3,btc,497.3,37.4,1.1,54.0,367,17.2
20,5,7,none,1485.4,63.4,1.3,54.5,240,15.6
20,5,7,btc,994.1,53.0,1.31,43.1,170,12.1
20,5,14,none,581.4,40.6,0.99,63.4,127,11.6
20,5,14,btc,402.4,33.2,0.94,52.9,92,9.3
30,1,1,none,8977.1,122.8,1.31,65.8,855,93.3
30,1,1,btc,2328.2,76.2,1.14,60.6,617,71.3
30,1,3,none,17666.1,151.0,1.45,65.5,414,47.5
30,1,3,btc,2546.8,79.0,1.18,57.6,302,35.4
30,1,7,none,2658.4,80.3,1.08,74.7,223,31.5
30,1,7,btc,3228.4,86.4,1.22,48.5,158,23.1
30,1,14,none,1411.6,62.0,0.96,73.5,122,22.9
30,1,14,btc,1941.6,70.9,1.09,61.4,91,16.5
30,2,1,none,6469.9,110.3,1.43,51.0,1549,65.1
30,2,1,btc,1945.9,71.0,1.3,56.0,1056,51.4
30,2,3,none,5416.9,103.9,1.38,58.6,528,36.8
30,2,3,btc,1231.9,58.4,1.15,58.5,366,29.1
30,2,7,none,2059.2,72.6,1.13,53.9,235,24.9
30,2,7,btc,1291.2,59.6,1.14,40.3,167,20.3
30,2,14,none,549.6,39.4,0.82,59.6,124,16.9
30,2,14,btc,503.6,37.6,0.86,50.3,93,14.1
30,3,1,none,3943.0,92.9,1.45,46.9,1549,55.0
30,3,1,btc,1349.5,60.8,1.29,51.8,1056,45.7
30,3,3,none,5171.7,102.3,1.51,54.2,528,30.1
30,3,3,btc,1459.8,62.9,1.31,54.7,366,25.8
30,3,7,none,2002.2,71.8,1.21,51.1,235,18.8
30,3,7,btc,1306.3,59.9,1.25,39.1,167,16.4
30,3,14,none,312.4,28.6,0.72,55.5,124,13.4
30,3,14,btc,305.8,28.3,0.77,50.5,93,12.2
30,5,1,none,1461.1,62.9,1.36,37.9,1549,33.6
30,5,1,btc,634.4,42.5,1.18,40.6,1056,27.9
30,5,3,none,2505.7,78.5,1.56,37.1,528,18.6
30,5,3,btc,758.4,46.5,1.25,46.4,366,16.3
30,5,7,none,1287.2,59.6,1.26,37.6,235,12.4
30,5,7,btc,861.5,49.5,1.24,34.7,167,11.3
30,5,14,none,284.7,27.0,0.74,51.0,124,9.2
30,5,14,btc,311.8,28.6,0.83,44.5,93,8.5
60,1,1,none,314.9,28.8,0.71,86.7,651,66.3
60,1,1,btc,1721.9,67.5,1.13,57.6,533,53.5
60,1,3,none,463.3,35.9,0.78,84.1,342,37.2
60,1,3,btc,1460.0,62.9,1.08,61.4,273,31.1
60,1,7,none,217.2,22.8,0.65,87.8,187,23.6
60,1,7,btc,1193.1,57.6,1.03,66.0,150,21.0
60,1,14,none,370.3,31.7,0.74,88.8,108,15.1
60,1,14,btc,1013.9,53.5,0.99,73.1,81,13.0
60,2,1,none,472.5,36.3,0.8,73.7,1531,47.2
60,2,1,btc,1797.5,68.7,1.3,44.6,977,39.0
60,2,3,none,534.4,38.8,0.82,67.7,517,25.0
60,2,3,btc,1276.7,59.3,1.16,47.0,343,21.5
60,2,7,none,269.2,26.1,0.68,76.1,226,17.2
60,2,7,btc,822.4,48.4,1.02,49.8,159,16.8
60,2,14,none,140.1,16.8,0.57,84.7,117,11.0
60,2,14,btc,454.1,35.6,0.87,63.6,85,10.7
60,3,1,none,572.6,40.3,0.88,69.1,1531,39.6
60,3,1,btc,1462.6,63.0,1.33,43.6,977,35.2
60,3,3,none,555.6,39.7,0.87,58.5,517,21.0
60,3,3,btc,1059.2,54.5,1.19,43.5,343,20.0
60,3,7,none,274.4,26.4,0.7,66.6,226,13.9
60,3,7,btc,668.1,43.6,1.03,47.7,159,14.4
60,3,14,none,200.5,21.6,0.63,71.8,117,10.2
60,3,14,btc,419.7,34.0,0.86,54.7,85,9.8
60,5,1,none,428.2,34.4,0.88,58.4,1531,25.2
60,5,1,btc,700.2,44.7,1.23,38.1,977,23.7
60,5,3,none,428.9,34.4,0.88,50.9,517,13.7
60,5,3,btc,609.5,41.6,1.14,36.7,343,13.8
60,5,7,none,259.3,25.5,0.72,66.0,226,9.1
60,5,7,btc,465.3,36.0,1.0,48.4,159,10.4
60,5,14,none,100.3,13.1,0.5,68.8,117,7.2
60,5,14,btc,157.2,18.3,0.63,54.3,85,7.6
90,1,1,none,245.5,24.6,0.67,90.2,439,42.7
90,1,1,btc,1611.3,65.6,1.16,60.3,422,40.2
90,1,3,none,280.7,26.8,0.69,85.7,248,24.5
90,1,3,btc,1556.3,64.7,1.14,59.7,220,22.4
90,1,7,none,1166.0,57.0,0.96,90.0,151,14.6
90,1,7,btc,4622.4,98.3,1.43,58.5,129,14.2
90,1,14,none,834.7,48.7,0.89,87.9,100,10.7
90,1,14,btc,1673.0,66.7,1.13,65.2,77,11.0
90,2,1,none,83.7,11.4,0.49,80.9,1445,42.0
90,2,1,btc,672.4,43.8,1.08,43.7,846,35.8
90,2,3,none,131.8,16.1,0.55,74.7,488,25.0
90,2,3,btc,587.0,40.8,1.01,48.1,295,20.3
90,2,7,none,302.5,28.1,0.71,74.9,217,14.1
90,2,7,btc,1037.7,54.0,1.18,45.3,140,13.5
90,2,14,none,304.5,28.2,0.71,77.7,113,10.8
90,2,14,btc,491.0,37.1,0.9,55.8,78,10.4
90,3,1,none,103.5,13.4,0.51,75.3,1445,33.2
90,3,1,btc,420.7,34.1,0.97,42.0,846,31.4
90,3,3,none,154.9,18.1,0.58,69.1,488,17.6
90,3,3,btc,383.7,32.3,0.92,39.9,295,16.9
90,3,7,none,185.2,20.5,0.62,61.1,217,12.4
90,3,7,btc,486.2,36.9,1.0,42.4,140,13.0
90,3,14,none,136.6,16.5,0.56,68.1,113,8.6
90,3,14,btc,227.2,23.4,0.72,44.5,78,9.2
90,5,1,none,99.1,13.0,0.5,62.3,1445,18.1
90,5,1,btc,229.6,23.6,0.84,35.3,846,20.1
90,5,3,none,177.5,19.9,0.63,54.6,488,9.9
90,5,3,btc,278.6,26.7,0.9,38.3,295,11.3
90,5,7,none,157.8,18.3,0.6,49.9,217,7.1
90,5,7,btc,298.7,27.9,0.91,39.0,140,8.8
90,5,14,none,85.9,11.6,0.47,59.8,113,5.3
90,5,14,btc,116.6,14.7,0.58,38.9,78,6.6
