griglia,anno,rendimento_%,n_trade,capitale,configurazione
close_buy_sell_limits,2022,-72.4,10,0.276,"rsi_window=7, rsi_window2=24, rsi_window3=36, ema_window=50, ema_window2=50, ema_window3=200, atr_window=5, atr_multiplier=1.6, kama_pow1=2, kama_pow2=30, rsi_buy_limit=35, rsi_sell_limit=60, num_cond=1"
close_buy_sell_limits,2023,19.8,5,0.331,"rsi_window=7, rsi_window2=24, rsi_window3=36, ema_window=10, ema_window2=50, ema_window3=200, atr_window=5, atr_multiplier=1.6, kama_pow1=2, kama_pow2=30, rsi_buy_limit=25, rsi_sell_limit=60, num_cond=1"
close_buy_sell_limits,2024,47.2,6,0.487,"rsi_window=7, rsi_window2=24, rsi_window3=36, ema_window=10, ema_window2=50, ema_window3=200, atr_window=5, atr_multiplier=1.6, kama_pow1=2, kama_pow2=30, rsi_buy_limit=25, rsi_sell_limit=60, num_cond=1"
close_buy_sell_limits,2025,-44.9,3,0.268,"rsi_window=12, rsi_window2=24, rsi_window3=36, ema_window=10, ema_window2=50, ema_window3=200, atr_window=5, atr_multiplier=1.6, kama_pow1=2, kama_pow2=30, rsi_buy_limit=40, rsi_sell_limit=70, num_cond=2"
close_buy_sell_limits,2026,-21.2,2,0.212,"rsi_window=12, rsi_window2=24, rsi_window3=36, ema_window=50, ema_window2=50, ema_window3=200, atr_window=5, atr_multiplier=2.5, kama_pow1=2, kama_pow2=30, rsi_buy_limit=15, rsi_sell_limit=70, num_cond=1"
close_atr,2023,24.6,1,1.246,"rsi_window=12, rsi_window2=24, rsi_window3=36, ema_window=20, ema_window2=50, ema_window3=200, atr_window=7, atr_multiplier=1.2, kama_pow1=2, kama_pow2=30, stop_loss=10.0"
close_atr,2024,23.6,4,1.54,"rsi_window=12, rsi_window2=24, rsi_window3=36, ema_window=20, ema_window2=50, ema_window3=200, atr_window=5, atr_multiplier=1.2, kama_pow1=2, kama_pow2=30, stop_loss=10.0"
close_atr,2025,-33.8,2,1.019,"rsi_window=12, rsi_window2=24, rsi_window3=36, ema_window=50, ema_window2=50, ema_window3=200, atr_window=30, atr_multiplier=2.0, kama_pow1=2, kama_pow2=30, stop_loss=10.0"
close_atr,2026,18.0,3,1.202,"rsi_window=12, rsi_window2=24, rsi_window3=36, ema_window=50, ema_window2=50, ema_window3=200, atr_window=30, atr_multiplier=2.0, kama_pow1=2, kama_pow2=30, stop_loss=10.0"
atr_bands,2022,-82.8,8,0.172,"rsi_window=12, rsi_window2=24, rsi_window3=36, ema_window=10, ema_window2=50, ema_window3=200, atr_window=10, atr_multiplier=0.8, kama_pow1=2, kama_pow2=30, stop_loss=99.0"
atr_bands,2023,58.2,10,0.272,"rsi_window=12, rsi_window2=24, rsi_window3=36, ema_window=50, ema_window2=50, ema_window3=200, atr_window=20, atr_multiplier=0.8, kama_pow1=2, kama_pow2=30, stop_loss=5.0"
atr_bands,2024,25.9,6,0.342,"rsi_window=12, rsi_window2=24, rsi_window3=36, ema_window=50, ema_window2=50, ema_window3=200, atr_window=7, atr_multiplier=1.6, kama_pow1=2, kama_pow2=30, stop_loss=5.0"
atr_bands,2025,-4.2,5,0.328,"rsi_window=12, rsi_window2=24, rsi_window3=36, ema_window=50, ema_window2=50, ema_window3=200, atr_window=7, atr_multiplier=1.6, kama_pow1=2, kama_pow2=30, stop_loss=5.0"
atr_bands,2026,-2.9,7,0.318,"rsi_window=12, rsi_window2=24, rsi_window3=36, ema_window=50, ema_window2=50, ema_window3=200, atr_window=20, atr_multiplier=0.8, kama_pow1=2, kama_pow2=30, stop_loss=5.0"
supertrend,2022,-54.7,6,0.453,"rsi_window=12, rsi_window2=24, rsi_window3=36, ema_window=20, ema_window2=50, ema_window3=200, atr_window=10, atr_multiplier=1.2, kama_pow1=2, kama_pow2=30"
supertrend,2023,175.5,15,1.247,"rsi_window=12, rsi_window2=24, rsi_window3=36, ema_window=20, ema_window2=50, ema_window3=200, atr_window=14, atr_multiplier=0.8, kama_pow1=2, kama_pow2=30"
supertrend,2024,22.7,9,1.53,"rsi_window=12, rsi_window2=24, rsi_window3=36, ema_window=10, ema_window2=50, ema_window3=200, atr_window=30, atr_multiplier=1.2, kama_pow1=2, kama_pow2=30"
supertrend,2025,-39.0,7,0.933,"rsi_window=12, rsi_window2=24, rsi_window3=36, ema_window=20, ema_window2=50, ema_window3=200, atr_window=30, atr_multiplier=1.2, kama_pow1=2, kama_pow2=30"
supertrend,2026,-4.1,5,0.895,"rsi_window=12, rsi_window2=24, rsi_window3=36, ema_window=10, ema_window2=50, ema_window3=200, atr_window=7, atr_multiplier=0.8, kama_pow1=2, kama_pow2=30"
tp_sl_atr,2022,-29.2,5,0.708,"rsi_window=12, rsi_window2=24, rsi_window3=36, ema_window=10, ema_window2=50, ema_window3=200, atr_window=10, atr_multiplier=1.2, kama_pow1=2, kama_pow2=30"
tp_sl_atr,2023,189.8,15,2.052,"rsi_window=12, rsi_window2=24, rsi_window3=36, ema_window=10, ema_window2=50, ema_window3=200, atr_window=30, atr_multiplier=1.2, kama_pow1=2, kama_pow2=30"
tp_sl_atr,2024,30.0,9,2.667,"rsi_window=12, rsi_window2=24, rsi_window3=36, ema_window=10, ema_window2=50, ema_window3=200, atr_window=30, atr_multiplier=1.2, kama_pow1=2, kama_pow2=30"
tp_sl_atr,2025,-44.1,10,1.491,"rsi_window=12, rsi_window2=24, rsi_window3=36, ema_window=10, ema_window2=50, ema_window3=200, atr_window=30, atr_multiplier=1.2, kama_pow1=2, kama_pow2=30"
tp_sl_atr,2026,-14.4,3,1.276,"rsi_window=12, rsi_window2=24, rsi_window3=36, ema_window=10, ema_window2=50, ema_window3=200, atr_window=30, atr_multiplier=1.2, kama_pow1=2, kama_pow2=30"
close_bullish_ema,2024,-11.4,2,0.886,"rsi_window=7, rsi_window2=24, rsi_window3=36, atr_window=5, atr_multiplier=1.6, kama_pow1=2, kama_pow2=30, rsi_buy_limit=40, rsi_sell_limit=65, ema_triplet=8/13/21"
close_bullish_ema,2025,-50.8,2,0.436,"rsi_window=12, rsi_window2=24, rsi_window3=36, atr_window=5, atr_multiplier=1.6, kama_pow1=2, kama_pow2=30, rsi_buy_limit=40, rsi_sell_limit=75, ema_triplet=8/13/21"
close_ema_crossover,2025,39.8,4,1.398,"rsi_window=12, rsi_window2=24, rsi_window3=36, atr_window=5, atr_multiplier=1.6, kama_pow1=2, kama_pow2=30, ema_triplet=8/13/21"
close_ema_crossover,2026,-22.3,4,1.086,"rsi_window=12, rsi_window2=24, rsi_window3=36, atr_window=5, atr_multiplier=1.6, kama_pow1=2, kama_pow2=30, ema_triplet=8/13/21"
close_rsi_reverse,2022,-64.7,35,0.353,"rsi_window=5, rsi_window2=21, rsi_window3=36, ema_window=10, ema_window2=50, ema_window3=200, atr_window=5, atr_multiplier=1.6, kama_pow1=2, kama_pow2=30"
close_rsi_reverse,2023,306.9,39,1.435,"rsi_window=5, rsi_window2=14, rsi_window3=36, ema_window=10, ema_window2=50, ema_window3=200, atr_window=5, atr_multiplier=1.6, kama_pow1=2, kama_pow2=30"
close_rsi_reverse,2024,65.9,38,2.381,"rsi_window=5, rsi_window2=14, rsi_window3=36, ema_window=10, ema_window2=50, ema_window3=200, atr_window=5, atr_multiplier=1.6, kama_pow1=2, kama_pow2=30"
close_rsi_reverse,2025,-0.6,39,2.366,"rsi_window=5, rsi_window2=14, rsi_window3=36, ema_window=10, ema_window2=50, ema_window3=200, atr_window=5, atr_multiplier=1.6, kama_pow1=2, kama_pow2=30"
close_rsi_reverse,2026,-21.2,21,1.863,"rsi_window=5, rsi_window2=14, rsi_window3=36, ema_window=10, ema_window2=50, ema_window3=200, atr_window=5, atr_multiplier=1.6, kama_pow1=2, kama_pow2=30"
green_candles,2022,28.9,13,1.289,"rsi_window=12, rsi_window2=24, rsi_window3=36, ema_window=10, ema_window2=50, ema_window3=200, atr_window=5, atr_multiplier=1.6, kama_pow1=2, kama_pow2=30"
green_candles,2023,113.0,13,2.745,"rsi_window=12, rsi_window2=24, rsi_window3=36, ema_window=10, ema_window2=50, ema_window3=200, atr_window=5, atr_multiplier=1.6, kama_pow1=2, kama_pow2=30"
green_candles,2024,51.6,10,4.162,"rsi_window=12, rsi_window2=24, rsi_window3=36, ema_window=10, ema_window2=50, ema_window3=200, atr_window=5, atr_multiplier=1.6, kama_pow1=2, kama_pow2=30"
green_candles,2025,-28.3,14,2.983,"rsi_window=12, rsi_window2=24, rsi_window3=36, ema_window=10, ema_window2=50, ema_window3=200, atr_window=5, atr_multiplier=1.6, kama_pow1=2, kama_pow2=30"
green_candles,2026,0.2,11,2.988,"rsi_window=12, rsi_window2=24, rsi_window3=36, ema_window=10, ema_window2=50, ema_window3=200, atr_window=5, atr_multiplier=1.6, kama_pow1=2, kama_pow2=30"
atr_live_trade,2023,24.0,5,1.24,"rsi_window=12, rsi_window2=24, rsi_window3=36, ema_window=10, ema_window2=50, ema_window3=200, atr_window=10, atr_multiplier=1.2, kama_pow1=2, kama_pow2=30, stop_loss=99.0"
atr_live_trade,2024,135.2,9,2.918,"rsi_window=12, rsi_window2=24, rsi_window3=36, ema_window=10, ema_window2=50, ema_window3=200, atr_window=10, atr_multiplier=1.2, kama_pow1=2, kama_pow2=30, stop_loss=99.0"
atr_live_trade,2025,19.5,8,3.485,"rsi_window=12, rsi_window2=24, rsi_window3=36, ema_window=10, ema_window2=50, ema_window3=200, atr_window=10, atr_multiplier=1.2, kama_pow1=2, kama_pow2=30, stop_loss=99.0"
atr_live_trade,2026,-27.7,4,2.519,"rsi_window=12, rsi_window2=24, rsi_window3=36, ema_window=10, ema_window2=50, ema_window3=200, atr_window=10, atr_multiplier=1.2, kama_pow1=2, kama_pow2=30, stop_loss=99.0"
